"","Gene","baseMean","log2FoldChange","lfcSE","stat","pvalue","padj","enriched.in"
"1","MEF2D",92.0696853241301,-26.056811306676,2.43382933504258,-10.706096327917,9.52958974257667e-27,1.17461723167e-22,"Lean"
"2","MKI67",13.5692299387031,-23.4990365110484,2.71114234594725,-8.66757754205563,4.41411019220925e-18,2.72041611145856e-14,"Lean"
"3","TSSK1B",190.509987139077,-9.91930574229787,1.4716711041016,-6.74016477910889,1.58207107199161e-11,6.50020267778952e-08,"Lean"
"4","BASP1",171.880254687107,-6.83564917998638,1.06724891555715,-6.40492492458322,1.50443390479243e-10,4.63591307761787e-07,"Lean"
"5","HERC3",100.960691721002,-9.73420136912724,1.70100679179678,-5.72261170035951,1.04898831079223e-08,2.585965983765e-05,"Lean"
"6","LYPLA2",137.232086129091,-9.46438154639842,1.70276455788587,-5.55824438708618,2.72501661999081e-08,5.59809247633446e-05,"Lean"
"7","GJD3",29.624317800315,-7.55131578557457,1.38069425416784,-5.46921649219568,4.52029341548204e-08,7.95959094846166e-05,"Lean"
"8","ICAM3",108.49961875256,-4.02572008066361,0.757785263867682,-5.31248134876181,1.08142497963649e-07,0.000166620553737493,"Lean"
"9","ASPH",48.7159129860537,-3.80818207259894,0.741917597918599,-5.13289088071579,2.85325344939171e-07,0.000330708772387018,"Lean"
"10","BCL3",34.9047708723369,-6.19844765961953,1.21297606884808,-5.11011537557039,3.21962134402419e-07,0.000330708772387018,"Lean"
"11","LYVE1",126.609597739999,7.38780168836502,1.44289799826477,5.12011361665868,3.05351634003619e-07,0.000330708772387018,"Obese"
"12","ZNF124",129.644482797214,-5.60571062408193,1.09279274410012,-5.12971069248638,2.90187814188337e-07,0.000330708772387018,"Lean"
"13","CEBPB",146.350927099887,-6.33134963833609,1.27147885344379,-4.97951627051265,6.3743394192896e-07,0.000604385443708951,"Lean"
"14","NBPF10",28.3892848234763,-6.57662113371638,1.34757110313155,-4.88035185559657,1.05896736706018e-06,0.000870188784425582,"Lean"
"15","TMEM45A",25.7735532030214,-8.71765290920186,1.78274122342604,-4.89002710805579,1.00822092120839e-06,0.000870188784425582,"Lean"
"16","OR1Q1",50.7781199208428,-9.0285403509711,1.87133805684195,-4.8246442260719,1.40253396214391e-06,0.00101691962455211,"Lean"
"17","OR2AE1",68.9821915776859,-8.20661220635434,1.69917945004652,-4.82975015153912,1.367044748731e-06,0.00101691962455211,"Lean"
"18","LOC341056",37.5739691867063,-8.90159658268677,1.85645604463788,-4.79494066579052,1.62722987047474e-06,0.00111429085463731,"Lean"
"19","PPP1R12C",45.3922603227152,-7.63848733074804,1.60887577118588,-4.74771729896696,2.05725312417386e-06,0.00126788510042835,"Lean"
"20","RALBP1",42.6650446283713,-4.50383263424406,0.948311418577484,-4.7493181522585,2.0410363199021e-06,0.00126788510042835,"Lean"
"21","LGALS4",38.78459944251,-6.89159674401388,1.46730234823952,-4.69678028681852,2.64294478349429e-06,0.0014359668378088,"Lean"
"22","LOC100506888",31.1259677231373,-8.59043417928911,1.82481024279052,-4.70757669912708,2.50678973118982e-06,0.0014359668378088,"Lean"
"23","OR10C1",32.5912500559407,-7.57414862770714,1.61358971484569,-4.69397428480231,2.67947730566303e-06,0.0014359668378088,"Lean"
"24","ATOH7",38.8442879432013,-9.33235087432049,2.04677991934347,-4.55952825515014,5.1268658847909e-06,0.00186217749098962,"Lean"
"25","HIST1H2AC",58.6236644150144,-3.76997763575691,0.822282475629015,-4.58477195792482,4.54482187310858e-06,0.00186217749098962,"Lean"
"26","MGC16142",38.6819349498711,-7.78666375520058,1.70418129925739,-4.56915221320272,4.89701047060835e-06,0.00186217749098962,"Lean"
"27","MIR3907",29.4925023938064,-7.41114675018024,1.60798617750741,-4.60896172731317,4.04684812126833e-06,0.00186217749098962,"Lean"
"28","MRPL51",133.827611872865,-4.6826564950631,1.0235187126034,-4.57505704331714,4.76090250504084e-06,0.00186217749098962,"Lean"
"29","OR2M5",77.7741116443917,-9.67837291146241,2.0940450358563,-4.62185518732396,3.80323475126765e-06,0.00186217749098962,"Lean"
"30","OR5B12",93.1359726082587,-8.66113245089627,1.90179032346524,-4.55419945302638,5.25854459854268e-06,0.00186217749098962,"Lean"
"31","PBOV1",41.1504658019735,-8.34110052001599,1.82930844680169,-4.55970152797323,5.12263763842739e-06,0.00186217749098962,"Lean"
"32","RAF1",187.904453572004,-2.34372375243807,0.514760554934195,-4.55303680511745,5.28770178359863e-06,0.00186217749098962,"Lean"
"33","SH3BGRL2",34.4385601680411,-8.15507457378582,1.76214935160916,-4.62791338676188,3.69368424527991e-06,0.00186217749098962,"Lean"
"34","SIGLEC11",434.134201046887,-4.55069621525115,0.988138520435391,-4.60532214981967,4.11827823556655e-06,0.00186217749098962,"Lean"
"35","TM9SF2",49.5090091074908,-9.71200703451406,2.11219662424058,-4.59806010626776,4.26442979908844e-06,0.00186217749098962,"Lean"
"36","TPRA1",77.0233878342864,-10.3217955722297,2.2835605398574,-4.52004463734265,6.18265940211297e-06,0.0021168738830679,"Lean"
"37","FBXW12",38.1683258447969,-9.25934500661033,2.05932551446395,-4.49629985234295,6.91462062598676e-06,0.0021230263348288,"Lean"
"38","GRAMD1A",2007.17916899963,2.52326481356535,0.561373013126522,4.49480960887705,6.96322212243227e-06,0.0021230263348288,"Obese"
"39","HIST1H3F",26.0367050028772,-8.31898562661803,1.85431817283677,-4.48627735438277,7.24783803207636e-06,0.0021230263348288,"Lean"
"40","LINC00638",18.8987466441052,-7.92495274374597,1.76709607134841,-4.48473225210597,7.30055485071987e-06,0.0021230263348288,"Lean"
"41","MAU2",407.238586222228,1.79637680096645,0.400828028329982,4.4816646391993,7.40630637657297e-06,0.0021230263348288,"Obese"
"42","OR7E37P",162.804837297538,-7.01940719968565,1.56282540655479,-4.49148521021279,7.07282131683991e-06,0.0021230263348288,"Lean"
"43","TAAR1",78.6580179040336,-6.47765720659604,1.43937451738612,-4.5003278357042,6.78487389423089e-06,0.0021230263348288,"Lean"
"44","HSD3B2",32.0446456728603,-8.65489424078196,1.93510313179968,-4.47257518142341,7.72832155228426e-06,0.00216498389666945,"Lean"
"45","LOC646999",50.7215862171258,-6.97070133843603,1.56154604609588,-4.4639742490232,8.04532378370409e-06,0.00217906240682611,"Lean"
"46","XRN2",57.7987670326829,-3.53772316209693,0.792913682188995,-4.46167501149727,8.13214917361683e-06,0.00217906240682611,"Lean"
"47","KCNJ11",38.7461415180863,-6.9055626857839,1.55245345816997,-4.44816084465693,8.66086667865126e-06,0.00227135835491607,"Lean"
"48","TMA7",144.802540711213,-3.49203449746057,0.789819723038946,-4.42130576839036,9.81062284575742e-06,0.00246787218768992,"Lean"
"49","TUBA1C",1854.57890763004,-4.33549616812648,0.979639161218725,-4.42560520215717,9.61722728625442e-06,0.00246787218768992,"Lean"
"50","FAM21B",20.2988047688619,-6.43224228140628,1.4640419059979,-4.39348235528957,1.1154924695535e-05,0.00264414618840701,"Lean"
"51","OR2L8",100.911204753329,-7.33322584119038,1.66795381410849,-4.39654010750288,1.09990044618387e-05,0.00264414618840701,"Lean"
"52","ZMPSTE24",72.5862786917477,-5.44590461499855,1.23946565705118,-4.39375192367566,1.11410945549968e-05,0.00264414618840701,"Lean"
"53","OR51A4",66.0864074142673,-7.13554348571772,1.62808091616999,-4.38279413194269,1.17166820428325e-05,0.00272490231811234,"Lean"
"54","IFT46",47.7701550542644,-6.73881560285988,1.54072014718603,-4.37380897184192,1.22097230865249e-05,0.00275504488517034,"Lean"
"55","LOC100335030",166.194063177486,-6.44363570604589,1.47377165327963,-4.37220765625845,1.22996453731459e-05,0.00275504488517034,"Lean"
"56","UQCRHL",61.3048897192097,-4.67066088650233,1.06919610941148,-4.36838559866554,1.25168354348157e-05,0.00275504488517034,"Lean"
"57","KCNA5",30.7138603120233,-8.58843381497958,1.9720932117291,-4.35498371167222,1.33076813031357e-05,0.00287772771477983,"Lean"
"58","KAAG1",28.2655982733452,-7.7856646421734,1.79239586538344,-4.34371937167344,1.40090449411492e-05,0.00287792479907675,"Lean"
"59","TTC30B",43.7247677935696,-4.99042460982418,1.14883444308741,-4.34390232626797,1.39973768762961e-05,0.00287792479907675,"Lean"
"60","ZNF284",35.3501823083219,-8.4779813449951,1.95036111585408,-4.34687775308857,1.38089130659027e-05,0.00287792479907675,"Lean"
"61","LOC100170939",57.8212945266111,-5.41528125975773,1.24923522531635,-4.33487717126005,1.45841532028118e-05,0.00289942374802997,"Lean"
"62","SIGLEC10",499.135546836724,-4.12427705894845,0.95103618192972,-4.33661425013295,1.44694232761088e-05,0.00289942374802997,"Lean"
"63","CLCNKA",35.4613574318039,-8.8144230668916,2.03550171147086,-4.33034421794826,1.48876437236443e-05,0.00291277931012125,"Lean"
"64","LOC388942",35.5061152570665,-8.81714025801379,2.04210348348595,-4.31767553863754,1.57680993976945e-05,0.00303683739337472,"Lean"
"65","LOC255512",45.659197667909,-6.74831783988556,1.57026829403351,-4.29755721715002,1.72690692309184e-05,0.00327474688215847,"Lean"
"66","OR2A42",57.1469331259072,-8.0236748713203,1.87114564086674,-4.28810814940286,1.80201355110184e-05,0.0033653968228608,"Lean"
"67","OR4D1",52.7253936032435,-5.42177282087324,1.26635692283708,-4.28139391280507,1.85726260172907e-05,0.00336656159248714,"Lean"
"68","PCP4L1",29.9994834599086,-8.21578362912214,1.91812345353593,-4.28324027526846,1.8419107792436e-05,0.00336656159248714,"Lean"
"69","CANX",73.8303304976154,-4.25507427299145,0.996239024794036,-4.27113791679779,1.94478084764606e-05,0.00347411140986745,"Lean"
"70","TAS2R43",46.5338409221261,-8.18076191965113,1.91785255395712,-4.26558439165289,1.99379630259919e-05,0.00351079046083395,"Lean"
"71","OR6C4",53.5898046846031,-6.95803207001892,1.63585788111495,-4.25344533308514,2.10506346424828e-05,0.00365450876905976,"Lean"
"72","GTF2H2B",30.7026655070619,-6.68046381494274,1.57681467073197,-4.23668293994348,2.26846106196477e-05,0.00383028096572297,"Lean"
"73","ISCA1",33.6484678466461,-4.48735087994403,1.05890534260202,-4.23772616815531,2.25794920746734e-05,0.00383028096572297,"Lean"
"74","IFNA16",76.3084018759402,-5.82406132038236,1.37720450712493,-4.2289008569546,2.34835797441635e-05,0.00388611295642205,"Lean"
"75","RHOG",82.4462291524221,-5.37247046898374,1.27088335234905,-4.22735136081015,2.36458276595533e-05,0.00388611295642205,"Lean"
"76","IL2RB",20.6425468403539,5.93145659695478,1.40486652904695,4.22207837849098,2.4205990185567e-05,0.00392582940825393,"Obese"
"77","ASNA1",324.914690690871,-4.07157209345883,0.966198770329112,-4.21401084175666,2.50875234825316e-05,0.00398994294464185,"Lean"
"78","SLC25A5",396.166488566173,-3.28189828334553,0.779606142692653,-4.20968756353086,2.55724073200313e-05,0.00398994294464185,"Lean"
"79","ZNF100",31.7999573392414,-5.2265707039059,1.24131579660877,-4.2105084928305,2.54796544464195e-05,0.00398994294464185,"Lean"
"80","STK32B",44.738393090994,-8.09330181690994,1.92473806592703,-4.20488478935542,2.61215182481333e-05,0.00402467292408114,"Lean"
"81","ANKRD20A9P",1168.92673795392,-4.56594841072676,1.08721240443494,-4.19968388155012,2.67287887635398e-05,0.00406739568270854,"Lean"
"82","OR1I1",17.1601513920007,-7.67838826190013,1.83053750350149,-4.19460854924456,2.73343228548104e-05,0.00410881540863894,"Lean"
"83","ZNF92",79.1274720813483,-6.59688158685273,1.57990896110901,-4.17548210007118,2.9735563644354e-05,0.00441591033108803,"Lean"
"84","FAM86HP",45.8745477447908,-9.22098338807492,2.21611782308608,-4.16087235616116,3.1703425370666e-05,0.00461525857808033,"Lean"
"85","OR2Z1",36.6520012980826,-7.81890952619234,1.87955213409341,-4.15998544779059,3.1826787208894e-05,0.00461525857808033,"Lean"
"86","FAHD1",24.6912259329357,-7.90514019515166,1.9035571857057,-4.15282517095541,3.28395629209644e-05,0.00465264888004376,"Lean"
"87","OR5D13",37.3213624407906,-8.90654044003806,2.14434106189373,-4.15350925200884,3.27414968240465e-05,0.00465264888004376,"Lean"
"88","ZNF337",50.80341221267,-6.6693039779366,1.60725557756845,-4.14949810784063,3.33205041997231e-05,0.0046671424405203,"Lean"
"89","DSCR9",34.5140696080511,-7.41949428777523,1.78950724952362,-4.14611021539607,3.38171093795456e-05,0.0046834796653065,"Lean"
"90","ACOX1",48.0991164255714,-3.22825277451549,0.781512979265503,-4.13077307756235,3.61545335605793e-05,0.00495156422964112,"Lean"
"91","LOC728819",49.4965178624957,-6.62337891824132,1.60687537170893,-4.12189957905528,3.75761007211276e-05,0.00499858240537655,"Lean"
"92","OMP",39.0477282894435,-7.07215434998365,1.71572506360268,-4.12196248688793,3.75658384221141e-05,0.00499858240537655,"Lean"
"93","OR10V1",44.1633285599918,-9.16645058532399,2.22562898663543,-4.11858878562741,3.8119969666185e-05,0.00499858240537655,"Lean"
"94","RPL8",38.04706470043,-3.99035353148531,0.96879690119219,-4.11887520137072,3.80726260604956e-05,0.00499858240537655,"Lean"
"95","H3F3C",33.3246322580508,-6.42271395053137,1.56479821159056,-4.10449980256745,4.05190617674177e-05,0.00525724163521253,"Lean"
"96","MIR17HG",38.1545315519701,-8.60823090300615,2.10256498575528,-4.09415688044187,4.23707362923821e-05,0.00544022599520731,"Lean"
"97","CD3EAP",26.1701184684003,-8.68764007793458,2.12397925628556,-4.09026597233705,4.30878787705566e-05,0.00547527003841114,"Lean"
"98","AQPEP",24.9748281551396,-8.07783839046039,1.98175287844164,-4.07610781260095,4.5795792073608e-05,0.00570180740504336,"Lean"
"99","OR6F1",30.6468228184299,-7.90192414281665,1.93836116744762,-4.07660051982041,4.56989048593497e-05,0.00570180740504336,"Lean"
"100","NOTCH1",2005.15714153034,2.0324158657668,0.499556688530107,4.06843890279394,4.73291674460733e-05,0.00571940507784607,"Obese"
"101","RAB25",30.2199814676661,-7.46722047164452,1.83446573560691,-4.07051509696042,4.69093008787609e-05,0.00571940507784607,"Lean"
"102","SRG7",37.8181762757953,-9.25321324477675,2.27422737801797,-4.06872827854226,4.72704343271469e-05,0.00571940507784607,"Lean"
"103","APBB1IP",261.415417148901,-2.76777489024099,0.681462253571166,-4.06152340168016,4.87535300335112e-05,0.00582116378119385,"Lean"
"104","ZNF587B",32.477213756085,-9.01916161384499,2.22158043520277,-4.05979521197116,4.91157742369106e-05,0.00582116378119385,"Lean"
"105","ADAM30",55.9144261449093,-5.59904784370026,1.38529010233521,-4.04178722872692,5.30453541850191e-05,0.00616827392155232,"Lean"
"106","LCE4A",56.8157327797373,-6.82696080924226,1.68874116829585,-4.04263302003321,5.28543098187815e-05,0.00616827392155232,"Lean"
"107","LOC399815",35.7721681231389,-7.98498898756,1.97816110723445,-4.03657162116757,5.42379730969762e-05,0.00624801174199373,"Lean"
"108","HIST1H2AM",25.6193676679259,-5.08190715953611,1.26206283613032,-4.02666730534433,5.657298999642e-05,0.00633926067905339,"Lean"
"109","HIST2H2BC",22.5629415630755,-8.50927836337863,2.11222714350378,-4.02858110670018,5.61145017490158e-05,0.00633926067905339,"Lean"
"110","ZNF433",35.1168735659991,-9.1410669290708,2.26985527448986,-4.02715848530265,5.64549809931369e-05,0.00633926067905339,"Lean"
"111","LOC653501",35.1042509031004,-9.14753068602805,2.27515868608209,-4.02061216300498,5.8047103302597e-05,0.00638829102953402,"Lean"
"112","TMEM87B",11.1743272781699,-4.6328175429249,1.15206488511918,-4.02131650982978,5.78737801083919e-05,0.00638829102953402,"Lean"
"113","LINC00346",26.2977689434811,-6.35383091160349,1.58158787712163,-4.01737456610187,5.8850142357474e-05,0.00641935269644447,"Lean"
"114","DTNA",47.9715193382299,-7.48262232683551,1.86359475970846,-4.0151552733525,5.94066711574798e-05,0.00642321604111487,"Lean"
"115","ZNF625",57.3019245381011,-7.84315065925716,1.95666993410726,-4.00841783406644,6.11268989575893e-05,0.00655174049174997,"Lean"
"116","NDUFB3",43.9879696469806,-4.12685404104685,1.03210464342493,-3.99848413369434,6.37494535474365e-05,0.00677392900366985,"Lean"
"117","MT1L",13.9830226934776,-7.35119868222087,1.84009389807445,-3.99501280337566,6.46907569006246e-05,0.00681519888510341,"Lean"
"118","TRIM54",40.9097925276697,-9.05043066269509,2.27647969845655,-3.97562546629837,7.01945241638466e-05,0.00733235343087774,"Lean"
"119","ACOT6",40.7958915840623,-9.04542678765158,2.28478923283337,-3.95897645947601,7.52716547250425e-05,0.0074956450482672,"Lean"
"120","AHRR",27.7983797268512,-8.11982791934886,2.05739751427109,-3.94665000955131,7.92522749077527e-05,0.0074956450482672,"Lean"
"121","BTBD8",32.4843126550382,-6.41112836386452,1.62152972307416,-3.95375321995951,7.69347608556709e-05,0.0074956450482672,"Lean"
"122","CDRT15",64.294524555609,-6.8063197578702,1.72218240244638,-3.95214801184924,7.74528073012861e-05,0.0074956450482672,"Lean"
"123","DDX50",59.5004183883885,-4.45375367212726,1.127518385956,-3.95004970881342,7.81349642241867e-05,0.0074956450482672,"Lean"
"124","LCE1F",75.4238612186302,-7.16878160281265,1.81082577976309,-3.95884666704411,7.53125661781341e-05,0.0074956450482672,"Lean"
"125","LOC728875",22.7229779432953,-6.80489541462162,1.71814472320788,-3.9606066489652,7.47595943625996e-05,0.0074956450482672,"Lean"
"126","OR1B1",28.9938263656704,-7.81319556445889,1.9823853358269,-3.94131021010596,8.10377414696769e-05,0.0074956450482672,"Lean"
"127","OR1S2",47.8053634769358,-7.43148058835952,1.88547659647517,-3.94143348278754,8.09960974928293e-05,0.0074956450482672,"Lean"
"128","OR52M1",15.0897687506423,-6.18245621940977,1.56933666767892,-3.93953467521646,8.16398022016622e-05,0.0074956450482672,"Lean"
"129","OR5H14",25.5215196878517,-7.9828512678557,2.01200683207471,-3.96760644178532,7.25980906005146e-05,0.0074956450482672,"Lean"
"130","PCDH12",32.9332712383083,-8.71862113188068,2.21028273457548,-3.9445727894876,7.9942368796065e-05,0.0074956450482672,"Lean"
"131","PRKAR2B",54.9895879506716,-5.34889877714135,1.35820961371987,-3.93819828921086,8.20957392111044e-05,0.0074956450482672,"Lean"
"132","SNORA10",238.022971305816,-2.68993706645702,0.680237843942685,-3.95440666879989,7.67248140215375e-05,0.0074956450482672,"Lean"
"133","SST",32.418772654907,-9.02053774041796,2.27803718232417,-3.95978512133622,7.50172320238691e-05,0.0074956450482672,"Lean"
"134","ZNF324B",98.9632808294541,-7.65602374742698,1.94099561841555,-3.94437971667172,8.00067991525144e-05,0.0074956450482672,"Lean"
"135","ZNF519",38.4615974760616,-6.69938398225271,1.69757947826398,-3.94643318208805,7.93240451981902e-05,0.0074956450482672,"Lean"
"136","ODF2",76.092136007371,-5.28235901338585,1.34279286634509,-3.9338599018356,8.3592518228853e-05,0.00753071635177106,"Lean"
"137","TOMM7",68.7252224643896,-6.24190560496482,1.58683932041232,-3.9335460904403,8.37017799929122e-05,0.00753071635177106,"Lean"
"138","SOX9",19.9193967806646,-8.25471866990221,2.10128410859651,-3.92841626514547,8.55071126384333e-05,0.00763739616218354,"Lean"
"139","LHX4",19.5974370337475,-8.22532334559189,2.0996840221453,-3.9174100763923,8.95054171857378e-05,0.00793700555562161,"Lean"
"140","FKBP8",87.9665146235538,-3.903546612021,0.997647346818992,-3.91275196036705,9.12502491746987e-05,0.00801401621389358,"Lean"
"141","OTX2-AS1",14.0420778180962,-6.9161225012673,1.7680909174661,-3.91163284248923,9.16742078662173e-05,0.00801401621389358,"Lean"
"142","STOML2",17.8432481229152,-5.99260791446515,1.53303015272939,-3.90899546482891,9.26807036639192e-05,0.00804494615043288,"Lean"
"143","LOC100132356",79.0364790294402,-4.43637002660505,1.13626165772672,-3.90435600500746,9.44766229180621e-05,0.00814348849012611,"Lean"
"144","LAT2",19.2380430018294,-7.85263204178339,2.01413125454326,-3.89876877391692,9.66830438559418e-05,0.00827579999005791,"Lean"
"145","TXNDC12",23.7671220351684,-3.72955481996215,0.957450555672917,-3.89529756692337,9.80782464779023e-05,0.00833732735232154,"Lean"
"146","VIM",757.79731446712,-2.37100690334713,0.609193731128015,-3.89204087664666,9.94044914328712e-05,0.0083921901465861,"Lean"
"147","LOC158376",66.9740250419938,-6.01997370416575,1.54856998017034,-3.88744052981291,0.000101306797208101,0.00849460940399358,"Lean"
"148","IFT27",14.3725077501303,-6.98159521017355,1.79770109873181,-3.88362404356248,0.000102910992212909,0.00857081682443458,"Lean"
"149","ARHGEF39",14.6615143430157,-7.74617737120341,2.00247499279188,-3.86830167621897,0.000109596022438155,0.00905023128658185,"Lean"
"150","OR2M3",50.7472097612444,-7.14374588156486,1.84731197190726,-3.8671031153386,0.000110135866703495,0.00905023128658185,"Lean"
"151","NINL",36.3175715094295,-8.54452341129904,2.21118543856168,-3.86422742402692,0.000111441355913008,0.00909686194028961,"Lean"
"152","POU5F1P4",143.743422609349,-5.72173018441392,1.48271592147536,-3.85895241397325,0.00011387410587665,0.00917393613748748,"Lean"
"153","SSH2",4541.16467343342,1.71766663819479,0.445097729596638,3.85907751035127,0.00011381583804545,0.00917393613748748,"Obese"
"154","SLC20A1",451.2163973107,2.08040078735167,0.54038381877726,3.84985766609193,0.000118186484625185,0.00945952343824692,"Obese"
"155","ITGB7",18.3110600588919,-6.1293426978068,1.59541661620931,-3.84184459127049,0.000122113147521539,0.00971075262161604,"Lean"
"156","KRTAP26-1",26.2687189608175,-8.37561466842712,2.18655051369501,-3.83051505829303,0.000127875306995894,0.0101037886796884,"Lean"
"157","SHISA4",33.9646183535963,-5.80620007143518,1.51782158614676,-3.82535083466244,0.000130585984361774,0.0102522474091925,"Lean"
"158","AMELX",35.048985806007,-8.48776233781441,2.22000981683989,-3.82329946175484,0.000131677693162559,0.0102669072225714,"Lean"
"159","PLIN1",130.717408819279,-6.42797296078436,1.68188808323186,-3.82187912790998,0.000132438605256276,0.0102669072225714,"Lean"
"160","GUSB",105.699066386979,-3.84687303771176,1.00741126252015,-3.8185725937671,0.0001342260871377,0.0103404421878706,"Lean"
"161","RPL39",189.97918585753,-3.1968879198686,0.838147553436235,-3.81423044995122,0.000136607949025692,0.0104585688179545,"Lean"
"162","NRXN1",21.7590129625993,-8.40033599382706,2.20595350895253,-3.80802948010263,0.000140078576815694,0.0106580773940139,"Lean"
"163","ZNF20",35.5644035751638,-9.16959647923047,2.41024249869773,-3.80442900836114,0.000142131665958349,0.0107479442613657,"Lean"
"164","ACSS3",19.019075921966,-5.57008557190233,1.46718876028143,-3.79643418944535,0.00014679230818569,0.0107700118493858,"Lean"
"165","BBS12",42.8696551518023,-8.0819372140936,2.12854297354361,-3.7969340128655,0.000146496765328138,0.0107700118493858,"Lean"
"166","CYCSP52",100.097259958893,-4.3830504702502,1.1533439585899,-3.80029776685961,0.000144522321942102,0.0107700118493858,"Lean"
"167","EIF4B",77.1214034517881,-4.342892454146,1.14327740456248,-3.79863402951446,0.000145495742954414,0.0107700118493858,"Lean"
"168","MEPCE",655.218818919432,1.78603503979345,0.469776264058023,3.80188437867276,0.000143599741334511,0.0107700118493858,"Obese"
"169","PRM1",35.695016318642,-9.17588761298472,2.4198089845814,-3.79198840546996,0.000149445893035789,0.0108998229441369,"Lean"
"170","CLEC14A",89.9022032204555,-6.40101299187997,1.6896366318603,-3.78839619784546,0.000151622917939026,0.0109935534500966,"Lean"
"171","PPM1A",83.7140597389553,-1.65353213637571,0.436869906302603,-3.78495316917155,0.000153737525929478,0.0110816885649518,"Lean"
"172","CYB5R4",39.0933137048015,-2.58116681804354,0.682599830575158,-3.78137629461269,0.00015596371841246,0.0111767953090231,"Lean"
"173","PACSIN1",33.0083749114974,-7.12256614177045,1.88466414433889,-3.77922303194711,0.000157318469763324,0.0112087136318077,"Lean"
"174","ALOX15",32.9551940006318,-6.0615290442443,1.60975551511168,-3.76549667781308,0.000166218333785725,0.0116478283665378,"Lean"
"175","GOLGA6L1",132.423967833528,-4.62890980383059,1.22934413004938,-3.76534909199483,0.000166316549773702,0.0116478283665378,"Lean"
"176","NDFIP2",17.1549211234898,-7.49892939981868,1.99115867898003,-3.76611340873145,0.000165808499400673,0.0116478283665378,"Lean"
"177","ZNF706",58.5371696319909,-3.97013127102598,1.05507352966945,-3.76289534272535,0.000167957501452082,0.0116962947056404,"Lean"
"178","CIDEA",138.847278062237,-5.16833123963107,1.37766138920632,-3.75152507003812,0.000175762174043484,0.0121030422193295,"Lean"
"179","SH3GL2",38.1163275469182,-9.27614569346887,2.47217093438503,-3.75222666218117,0.000175270886207731,0.0121030422193295,"Lean"
"180","CNPY3",694.382204213636,-1.69012042961124,0.450706543106893,-3.74993541908796,0.000176880117818149,0.0121123574012584,"Lean"
"181","ACTN3",23.4952661266565,-7.89286183576864,2.11085043931329,-3.73918572759535,0.000184617293597837,0.0125032569279502,"Lean"
"182","TFF3",38.4409272550416,-5.67192705488838,1.51664370201896,-3.73978875021068,0.000184174972351917,0.0125032569279502,"Lean"
"183","COX7C",116.119185053648,-3.17994091010445,0.851810078854689,-3.73315717792407,0.000189094509715011,0.0127364968674712,"Lean"
"184","ENTPD8",37.9818643723293,-9.27139650561257,2.48926557662176,-3.724550965026,0.000195663182361067,0.0127738547891871,"Lean"
"185","FAM124A",24.254685496806,-8.57832732817591,2.30212996671151,-3.72625675014764,0.000194344445937456,0.0127738547891871,"Lean"
"186","MGC57346",22.607084838918,-7.11638658034584,1.90956798115034,-3.72669978266963,0.000194003307940991,0.0127738547891871,"Lean"
"187","MOCOS",37.9621387814591,-9.27058483099206,2.48922333703581,-3.7242880914139,0.000195867155213075,0.0127738547891871,"Lean"
"188","MYH2",27.2512097065066,-8.43188308345312,2.26400001483956,-3.72432995944598,0.00019583465496745,0.0127738547891871,"Lean"
"189","PIGR",57.9502377157068,-9.9068934964856,2.65727517143702,-3.72821512915731,0.000192840730194741,0.0127738547891871,"Lean"
"190","CRSP8P",29.0211701175515,-6.2472936993594,1.67980586669162,-3.71905695963752,0.000199967959166351,0.0129726582351813,"Lean"
"191","RPL23AP7",13.3607710590638,-7.36486208340632,1.98488161669674,-3.71047926559116,0.000206867240269984,0.0133499769820305,"Lean"
"192","FAM110C",33.2120523591999,-9.06968328061043,2.44768897618709,-3.7054067607637,0.000211051758772623,0.0134788807182971,"Lean"
"193","OR4A16",29.5530351856338,-6.02070533461638,1.62445463167621,-3.70629331051484,0.000210314720851061,0.0134788807182971,"Lean"
"194","KDM4E",20.0371325567149,-7.21679947709776,1.95360783299106,-3.6940881149358,0.000220677275274318,0.0138927203731311,"Lean"
"195","LOC730102",32.2941519531852,-8.6960186768286,2.35463861968708,-3.69314365445355,0.000221498814011519,0.0138927203731311,"Lean"
"196","OR4C13",36.3613739373674,-5.53408024253728,1.49872592010848,-3.69252320807042,0.000222040070867014,0.0138927203731311,"Lean"
"197","TTBK1",19.8040391020854,-6.8492441447927,1.85321117674224,-3.69587893206698,0.000219127382096258,0.0138927203731311,"Lean"
"198","CDV3",88.6827348969271,-2.21783314140296,0.601089174752761,-3.68969070573463,0.000224526862556283,0.0139773641811553,"Lean"
"199","CCNE2",38.6949521515741,-7.22766659483117,1.96243054834009,-3.6830177765754,0.000230489079638329,0.0139951152493697,"Lean"
"200","RNASE8",39.8326065775436,-6.51448416813438,1.76823379366284,-3.68417580948945,0.000229443841478327,0.0139951152493697,"Lean"
"201","S100A11",2012.23261677375,-2.43337117409987,0.660312398211056,-3.68518171200852,0.000228539527955043,0.0139951152493697,"Lean"
"202","TBC1D9",24.4196043278315,7.0102522530223,1.90232416433237,3.68509867269786,0.000228614054020004,0.0139951152493697,"Obese"
"203","UBA6",33.2627963384039,-4.27170101474641,1.15953411403953,-3.68398045648253,0.00022961985420714,0.0139951152493697,"Lean"
"204","UNC13D",77.3322374686739,-2.06431337069234,0.562186090250586,-3.67193960592694,0.000240716575520943,0.0145444730876036,"Lean"
"205","TRMT2B",14.7976848232651,-6.84743137097079,1.86543691075896,-3.67068504513771,0.000241901267954863,0.0145447562381056,"Lean"
"206","PATE3",35.1635350387446,-9.15612429654798,2.49557561799053,-3.6689428404981,0.000243555521142969,0.014573132784506,"Lean"
"207","CMYA5",35.0528565260816,-9.15115359796854,2.49533576267932,-3.66730350874411,0.000245121780498836,0.0145959954899935,"Lean"
"208","CUL3",448.556044994999,1.61252365003844,0.440631069751249,3.65957773006965,0.000252631205117035,0.0149370438596806,"Obese"
"209","SNORA2B",63.2549887298355,-3.42450652388952,0.935931768605303,-3.6589275401909,0.000253272932555025,0.0149370438596806,"Lean"
"210","TCEAL4",65.0289522282209,-6.65128568825609,1.81905980479633,-3.65644145987867,0.000255740780421271,0.0150107659974885,"Lean"
"211","POLR2J2",147.226801293876,-4.00747562046819,1.09671068162614,-3.65408643100489,0.000258099319788941,0.0150774038659644,"Lean"
"212","ATP9A",36.612170422187,-5.38139596853709,1.47482020218388,-3.64884882955118,0.000263418045526232,0.0151723870521324,"Lean"
"213","INS",28.9981251219145,-8.86804473422217,2.42958931478326,-3.65001800109303,0.000262221931589719,0.0151723870521324,"Lean"
"214","ZNF28",58.7359125395075,-4.91898514845955,1.34746028268773,-3.65056039993093,0.000261668764532884,0.0151723870521324,"Lean"
"215","CSNK1A1L",31.1855969306045,-5.7154618601285,1.56925541376546,-3.64214888793287,0.000270371612494025,0.0155004674214017,"Lean"
"216","VARS",36.3679434024016,6.57224151542312,1.80553881657376,3.64004443166434,0.000272590999144793,0.0155553548863829,"Obese"
"217","NUDC",284.576883015798,-5.18346566700737,1.42554580086346,-3.63612706366062,0.000276767850911439,0.0156488097721761,"Lean"
"218","SNRNP35",26.00267748993,-7.55957644782771,2.0786474828156,-3.63677656280034,0.000276071206745685,0.0156488097721761,"Lean"
"219","POU3F3",38.7926029506767,-8.98047399485656,2.47172491214774,-3.6332821466986,0.000279838727764317,0.0157501925042145,"Lean"
"220","AOC3",56.211789553914,-3.92476728744638,1.08209710458488,-3.62700100648733,0.000286732176750442,0.0160648218664816,"Lean"
"221","NOL3",18.284097572675,-6.31726516718544,1.74290500231539,-3.62456081013778,0.000289452911165946,0.0161438759413188,"Lean"
"222","FAM45B",18.3891774182146,-7.82290934581632,2.15901046328966,-3.62337722712869,0.000290781258012644,0.0161449089471345,"Lean"
"223","KRTAP19-1",415.744191077654,-6.17661572388905,1.70570952570366,-3.62114160166925,0.000293305916634776,0.016151346552336,"Lean"
"224","LOC100129250",44.4409048188747,-2.86855933557185,0.792462996001133,-3.61980224950181,0.000294828247142269,0.016151346552336,"Lean"
"225","REEP1",52.8990640823947,-9.77258202415121,2.69928056121013,-3.6204395217702,0.000294102992006016,0.016151346552336,"Lean"
"226","FAM72B",27.2452165915471,-8.76762222318582,2.42474186628585,-3.61589922007484,0.000299306812030568,0.0162522280400387,"Lean"
"227","SNORA24",1302.62733584875,-2.33314139808174,0.645082901502609,-3.61680861893423,0.000298257657096816,0.0162522280400387,"Lean"
"228","ANKRD36BP1",64.6385350036684,-2.98280459079139,0.826230917500166,-3.61013431912731,0.000306038483683663,0.0162596135770898,"Lean"
"229","PAIP2",118.662614965679,-2.10435044394779,0.58281991106205,-3.61063581392254,0.000305447305706944,0.0162596135770898,"Lean"
"230","SEMA4A",731.809814504672,1.06044886764751,0.293463259062984,3.61356604241868,0.000302014382710812,0.0162596135770898,"Obese"
"231","STARD6",32.6739756565407,-8.38816784445816,2.3220129141598,-3.61245529398502,0.00030331141078993,0.0162596135770898,"Lean"
"232","ZNF234",19.7302697251079,-7.03866668992772,1.94948740366364,-3.61052175905321,0.00030558166318422,0.0162596135770898,"Lean"
"233","FAM104B",82.6543707182355,-4.3906540912276,1.21806416311904,-3.60461642676086,0.000312614285997721,0.0163969518689698,"Lean"
"234","GABARAP",991.187103679914,-1.8513001566307,0.513393887605156,-3.60600350204112,0.000310948940956469,0.0163969518689698,"Lean"
"235","IFNA1",82.7979784185296,-6.43003841702312,1.78374659134072,-3.60479366757477,0.000312401023446398,0.0163969518689698,"Lean"
"236","LINC00515",48.2876218229249,-5.90814375610967,1.64046961430277,-3.60149539168438,0.000316392032048987,0.0165247804535416,"Lean"
"237","DUSP16",43.5190956220413,-3.13390293282723,0.87084736576649,-3.59868222150374,0.000319833713645815,0.0166340521282629,"Lean"
"238","C2orf81",26.4025083980891,-6.30360145893682,1.75249601057304,-3.59692770819812,0.000321997926408897,0.0166762455500675,"Lean"
"239","BACH1",45.1080753904831,-3.38998944984029,0.94415051144557,-3.59051804637584,0.000330021378580979,0.017020265742214,"Lean"
"240","PARVG",1228.81245600043,1.75629968130858,0.489342775149468,3.5890990334375,0.000331822777901377,0.0170418648350516,"Obese"
"241","CD2BP2",82.0337816390211,-3.06195848215905,0.853949573677202,-3.58564320018794,0.000336248430148172,0.0171975026971218,"Lean"
"242","ZNF701",22.3109188795439,-8.46014128834212,2.36905636216912,-3.57110173630313,0.000355482771933155,0.0181061183754053,"Lean"
"243","VHLL",16.7661843079546,-6.90859535231423,1.93570109428771,-3.56904037131643,0.000358291216287569,0.0181740639175332,"Lean"
"244","PCK1",51.5926256992623,-6.38519299558081,1.7907037376811,-3.56574505386882,0.000362823955115819,0.0182710648128814,"Lean"
"245","TAS2R9",16.9527780890335,-5.57635506281491,1.56397720381304,-3.56549638269633,0.000363168171276646,0.0182710648128814,"Lean"
"246","HDHD3",18.2954051940955,-6.71425887853769,1.88598472357995,-3.56008126396315,0.000370740047757603,0.0185761862953667,"Lean"
"247","GABPB1",119.430833958979,-4.12758037436619,1.15990568172946,-3.55854828490177,0.000372910243089868,0.0186092779608328,"Lean"
"248","NDFIP1",31.8646618164601,-2.82822701595341,0.795235999104055,-3.55646250816086,0.000375882094233952,0.0186819463448697,"Lean"
"249","CDH24",35.8997733111362,-6.85832482749427,1.93044903491346,-3.5527096045826,0.000381285122390624,0.0187371725975439,"Lean"
"250","FRMD4B",169.472220280121,-3.44632847208763,0.970092527919766,-3.55257707167153,0.00038147724957875,0.0187371725975439,"Lean"
"251","SLCO2B1",24.5875899564653,7.26251627490219,2.04487535579727,3.55156917232769,0.000382941320698481,0.0187371725975439,"Obese"
"252","UBE2T",22.5327707898356,-8.47817050923569,2.3872230471856,-3.5514781575316,0.000383073786677029,0.0187371725975439,"Lean"
"253","CT47B1",32.3504162451088,-9.03320911506478,2.54500415619186,-3.54938874778945,0.00038612658542634,0.0187377806770278,"Lean"
"254","LOC389791",57.7065460475885,-5.97445560731961,1.68322307856698,-3.54941402800036,0.000386089513472123,0.0187377806770278,"Lean"
"255","HIST2H2BF",16.7735461131352,-7.31460131188687,2.06213614016321,-3.5470991315384,0.00038949800251762,0.0188272642314988,"Lean"
"256","RASD2",24.9347406347797,-8.63515800628141,2.43562510265465,-3.5453559732447,0.00039208319261649,0.0188781930944955,"Lean"
"257","ATP6V0CP3",44.7098862050635,-4.99395518000239,1.41037486443655,-3.54087080387489,0.000398808809336567,0.0189507247675363,"Lean"
"258","C16orf92",27.6552012866681,-8.79571040631996,2.48691659662758,-3.53679348082985,0.000405016233982995,0.0189507247675363,"Lean"
"259","EMR3",115.088718139481,-3.76277129386877,1.06454736188925,-3.53462084316377,0.000408360661605024,0.0189507247675363,"Lean"
"260","FIGN",21.4939810808052,-8.41535740751738,2.37981827546762,-3.53613445794041,0.000406027980861676,0.0189507247675363,"Lean"
"261","FOXP3",24.2358469174134,-8.65794099336882,2.44372056775478,-3.54293412577997,0.000395701532590024,0.0189507247675363,"Lean"
"262","OLFML3",22.5249056955864,-4.64176462348837,1.31308685759647,-3.53500196627118,0.000407772124130949,0.0189507247675363,"Lean"
"263","SIX1",47.6327297161254,-9.61690568010602,2.72144583918925,-3.53374869402913,0.000409710437341461,0.0189507247675363,"Lean"
"264","THBD",1219.41119819029,1.90728320601665,0.539779351179536,3.53344973617242,0.000410174075713901,0.0189507247675363,"Obese"
"265","TRIM58",21.5654307299467,-6.55464176099165,1.85134049133882,-3.54048420139701,0.000399393546460537,0.0189507247675363,"Lean"
"266","ZNF235",25.535828207034,-8.01526006693937,2.26853059180215,-3.53323869464416,0.000410501664200244,0.0189507247675363,"Lean"
"267","ZNF844",79.2095036436137,-3.85392734275238,1.0892380082422,-3.53818661632254,0.000402885207261527,0.0189507247675363,"Lean"
"268","LOC100505549",27.8255566079459,-7.06269809789617,2.00087565634742,-3.52980360148369,0.000415868254767112,0.0191268362248486,"Lean"
"269","INO80E",78.6053611911663,-4.123113354366,1.16938510444926,-3.52588154122918,0.000422075714484523,0.0193401682406551,"Lean"
"270","CDK5R2",30.1155813765909,-6.50850844774129,1.84944950030806,-3.51915986170868,0.000432915762314046,0.0196996807568204,"Lean"
"271","TPD52L2",713.174494812912,1.76858469774869,0.50257648522579,3.51903590744826,0.000433118082516496,0.0196996807568204,"Obese"
"272","GLIPR1",99.1000908380443,-2.69110536513787,0.764992821692189,-3.51781780015277,0.000435110998977268,0.0197175668139478,"Lean"
"273","CSNK1A1",2638.97361931291,1.88703098263995,0.537250284261621,3.51238712741385,0.00044410059790874,0.0199780436854859,"Obese"
"274","GIT1",13.6423142479646,-7.2956554449981,2.07675365308924,-3.51300956381879,0.000443061528556278,0.0199780436854859,"Lean"
"275","HIST2H2AC",447.756601747954,-2.80166316054872,0.798172434725674,-3.51009761632726,0.000447942214245732,0.0200775844828833,"Lean"
"276","OR6N2",39.440330514238,-8.15567455797651,2.32614313891789,-3.50609316405631,0.000454736022574127,0.020308247153075,"Lean"
"277","CCNA1",27.1799969471909,-7.57209508623824,2.16322375176969,-3.50037534491919,0.000464603474180753,0.0204525086526856,"Lean"
"278","HIST1H3B",260.053152251641,-4.45942002724623,1.27397055096322,-3.50041060515455,0.000464542016778478,0.0204525086526856,"Lean"
"279","LINC00552",50.6036162252537,-5.86724576903459,1.67616855949292,-3.50039125588274,0.000464575740968183,0.0204525086526856,"Lean"
"280","MRPS33",19.583700706425,-6.33106686612521,1.80840270212487,-3.50091650420905,0.000463661086452925,0.0204525086526856,"Lean"
"281","TOX2",32.7290806593763,-7.20554890670635,2.05926648920095,-3.49908520557837,0.000466857367162788,0.020478590418678,"Lean"
"282","CLPSL2",37.76761665695,-8.94301066980339,2.56144656861729,-3.49139067719495,0.000480513066111208,0.0208667708966238,"Lean"
"283","COMP",19.3457124998882,-7.90219947909926,2.26448309565561,-3.48962617308098,0.000483696659450794,0.0208667708966238,"Lean"
"284","LMF1",15.7026643785647,6.37143712870261,1.82500653557355,3.4911859242741,0.000480881485132253,0.0208667708966238,"Obese"
"285","RNF133",29.4019862690852,-7.85862082272228,2.2518848379358,-3.48979694269176,0.0004833876920093,0.0208667708966238,"Lean"
"286","SNORA59A",9.70167138079517,-4.50777512285565,1.29186153721159,-3.48936398600845,0.000484171383776928,0.0208667708966238,"Lean"
"287","LOC100506994",19.1015156148134,-7.87933626358171,2.25919237855446,-3.48767831300108,0.00048723391030628,0.0209255929562202,"Lean"
"288","AKR1C1",11.0039124326363,-4.56752641557394,1.31267614033772,-3.4795531625941,0.000502250709078758,0.0209391192033216,"Lean"
"289","BAG6",468.35008649235,1.58966016369354,0.456416067417047,3.4829189355444,0.000495978525202274,0.0209391192033216,"Obese"
"290","C16orf72",98.8644575051588,-2.75531863146094,0.791931154487974,-3.47924010293849,0.000502837845544636,0.0209391192033216,"Lean"
"291","LOC100506422",26.9884702671531,-8.75836966787983,2.51623149227566,-3.48074876845247,0.000500014253530534,0.0209391192033216,"Lean"
"292","MAP2K3",66.158877706627,-2.61924345495706,0.75143465135389,-3.48565700322425,0.00049093003855404,0.0209391192033216,"Lean"
"293","PLEKHA7",7.22848320251118,-6.45979631745975,1.85666626099332,-3.47924473728722,0.000502829149261626,0.0209391192033216,"Lean"
"294","S100A8",10863.6367485437,-2.05315287309539,0.589334896335646,-3.4838474454193,0.000494261126373114,0.0209391192033216,"Lean"
"295","SAV1",45.9329120707155,-4.04321121296493,1.16063306097534,-3.48362574607965,0.000494670683235968,0.0209391192033216,"Lean"
"296","SCARNA9L",14.0730561837613,-7.76410597102324,2.23141590299599,-3.47945264735221,0.000502439153492237,0.0209391192033216,"Lean"
"297","SH3BP5",444.301111612556,1.6248053092327,0.467171577300979,3.47796267619659,0.000505240270352476,0.0209683217924735,"Obese"
"298","CRTC1",26.8944346098807,-5.08685878996024,1.46406873021748,-3.47446720565136,0.000511868928627249,0.021004401030232,"Lean"
"299","EFNA5",18.0996573881705,-7.80653337626725,2.24759981524156,-3.47327550186164,0.000514147292371361,0.021004401030232,"Lean"
"300","FN1",15.1640307324233,-7.60062369751155,2.18750541983804,-3.47456222443294,0.00051168767229116,0.021004401030232,"Lean"
"301","MIR1307",49.9235061991613,-5.37247902004647,1.54632865608713,-3.47434486122836,0.000512102399072696,0.021004401030232,"Lean"
"302","POU3F4",11.6290545452999,-7.38685063712634,2.12746560875159,-3.47213633289282,0.000516334050962219,0.021004401030232,"Lean"
"303","STX4",3020.16800206363,2.00580275518893,0.577538234654981,3.47302158512014,0.000514633964173052,0.021004401030232,"Obese"
"304","ITPKA",24.4804075357396,-8.60868310137651,2.48339509425716,-3.46649758682541,0.000527286468103826,0.0211868354196723,"Lean"
"305","KREMEN1",31.8354075302295,-2.63289673408069,0.759572018086012,-3.4662897939752,0.000527694180905355,0.0211868354196723,"Lean"
"306","LOC84989",46.5774669950349,-5.68401205457271,1.63926261627723,-3.46742004492307,0.000525480043969325,0.0211868354196723,"Lean"
"307","OR1E1",35.1398960993377,-8.83456104349786,2.54683362119755,-3.46884106208074,0.000522708587427064,0.0211868354196723,"Lean"
"308","C11orf83",181.985804577547,-4.31876317761447,1.2462588307949,-3.46538220704911,0.00052947841417469,0.0211894510815494,"Lean"
"309","OR2L3",17.7344808098391,-8.10954324629732,2.34149763479007,-3.46340014433727,0.000533394531537304,0.0212770906010641,"Lean"
"310","ABLIM3",24.8920385890421,-7.97118142924617,2.30351451753781,-3.46044332195763,0.000539286746937668,0.0214427369121087,"Lean"
"311","CHMP1A",17.496811904234,-4.03805306139847,1.16872856938814,-3.45508201576052,0.000550125450049147,0.0217334817221339,"Lean"
"312","FAM120B",84.1622267198936,3.58026703908068,1.03609152733355,3.45555092829948,0.000549169434351954,0.0217334817221339,"Obese"
"313","ADHFE1",9.30517546714259,-6.13374403838302,1.77574367294054,-3.45418324268944,0.000551962197454385,0.0217363771432037,"Lean"
"314","LOC100286922",34.1038285279914,-7.23794485321374,2.09674171877885,-3.45199639440052,0.000556455162387942,0.0218435233490248,"Lean"
"315","C14orf169",28.9573722144854,-5.52819296749568,1.60553821737362,-3.44320235275299,0.000574869004859536,0.0220489136628332,"Lean"
"316","C16orf58",30.71959997306,-4.91997004830562,1.42807624405809,-3.44517323131488,0.000570693520671153,0.0220489136628332,"Lean"
"317","EHHADH-AS1",21.9652477016362,-7.38514978694419,2.14517974542893,-3.44267178667936,0.000575997906817482,0.0220489136628332,"Lean"
"318","LINC00476",37.7305152297374,-8.3274917247671,2.41668460331645,-3.4458330695446,0.000569301915941149,0.0220489136628332,"Lean"
"319","PMCHL2",45.878372879348,-7.54443708222567,2.18847579854961,-3.44734773271228,0.00056611942134844,0.0220489136628332,"Lean"
"320","PYCR2",9.00817050409063,-6.86609136843837,1.99177893333967,-3.44721557875191,0.000566396432049262,0.0220489136628332,"Lean"
"321","STX1B",26.294557738694,-4.88798811951454,1.41824209489376,-3.44651180296598,0.000567873758555837,0.0220489136628332,"Lean"
"322","SYNE4",20.6964368658531,-5.97151200237815,1.7343964676606,-3.4429913308303,0.000575317755803154,0.0220489136628332,"Lean"
"323","SLC2A5",17.7512239353776,-5.51691012245913,1.60327973402111,-3.44101531716017,0.000579535724949696,0.0221156574171206,"Lean"
"324","C7orf66",21.9389289045709,-7.38138877331378,2.14705205549899,-3.43791793701914,0.000586205322724225,0.0223011321231444,"Lean"
"325","ITPK1",1581.52677083715,1.61939075250621,0.471200208260672,3.43673607124204,0.000588769019951267,0.022329744430521,"Obese"
"326","NUDT22",30.0987624327653,-3.5117353014633,1.02237173711105,-3.43489082687919,0.0005927925922742,0.0224133788109564,"Lean"
"327","ESPN",24.3494714397838,-8.60153531059615,2.50567777516236,-3.43281781714283,0.000597343331269839,0.0225163727866423,"Lean"
"328","C7orf29",36.5900483568004,-5.23028231378362,1.52450385323777,-3.43080950741808,0.000601783030648052,0.0225458286801456,"Lean"
"329","GAGE13",30.0643229974178,-7.4632320727738,2.17508083786783,-3.4312435394768,0.000600820937851626,0.0225458286801456,"Lean"
"330","PRR16",26.9490235805069,-8.75829726810613,2.55350257150009,-3.42991519407829,0.000603769923987948,0.022551721463865,"Lean"
"331","LOC100126784",33.3076204150914,-6.29618709886901,1.83714718478039,-3.42715442237235,0.000609942104126395,0.0226683790780043,"Lean"
"332","ZNF525",17.2141969931296,-6.54756862198082,1.91065319699237,-3.42687444916095,0.000610571300819197,0.0226683790780043,"Lean"
"333","COX19",20.13195412253,-3.65549235109878,1.067483117667,-3.42440296300696,0.000616151843563531,0.0228068697410333,"Lean"
"334","LMNB2",14.0542179513724,-6.21520503562684,1.81885730488265,-3.41709325901618,0.000632935938548754,0.0233579891573411,"Lean"
"335","SRRM1",64.2659819665562,-3.13423984149141,0.918250880107118,-3.41327180772839,0.000641878882315963,0.0236173107564972,"Lean"
"336","CA1",25.160898382199,-6.60362534697518,1.93526219992151,-3.41226390266033,0.000644257087662068,0.0236342644717936,"Lean"
"337","CLEC5A",82.3300741145552,-5.06658066688751,1.48579690167764,-3.41000890577087,0.000649607582176739,0.0237598310323753,"Lean"
"338","C17orf67",22.5035617643341,-7.82145100477828,2.29698552698517,-3.40509372518514,0.000661413490586884,0.023768462638408,"Lean"
"339","ELAC2",74.8694546541441,-4.97639299186443,1.46086740380067,-3.40646452848328,0.000658101014597339,0.023768462638408,"Lean"
"340","LYN",574.920514316916,-1.67107725838618,0.490420656916106,-3.40743652376789,0.000655761592166656,0.023768462638408,"Lean"
"341","MDFI",40.5249368629139,-8.27321470418923,2.42958049401037,-3.405202965938,0.000661148948464266,0.023768462638408,"Lean"
"342","STUB1",5.46918543285918,-4.4039364957541,1.29310646548202,-3.40570294350241,0.000659939436345622,0.023768462638408,"Lean"
"343","ZFR2",30.1861864669001,-6.87772398323752,2.01900180505972,-3.4064971938121,0.000658022269010742,0.023768462638408,"Lean"
"344","LOC100132247",11.7099405214246,-7.61176599632832,2.23952326654075,-3.39883318474549,0.000676739786384047,0.0242485308342144,"Lean"
"345","DNAJC18",19.7053000748178,-7.0663766086319,2.08030129853499,-3.39680440213553,0.00068177681008399,0.0243582056843341,"Lean"
"346","PPP2R5A",52.4403517664678,-2.73959022402298,0.808815223475667,-3.38716451484471,0.000706190272939012,0.0251575182203649,"Lean"
"347","C20orf144",40.7138906439278,-9.38510618405891,2.77569064961822,-3.38117872946317,0.00072175579435006,0.0256379306085269,"Lean"
"348","SCARNA15",64.2341730042144,-4.98015106756601,1.47379231354554,-3.37914034548406,0.000727128780363834,0.0257545670884041,"Lean"
"349","TEAD4",39.9511050727491,-9.35928131999035,2.77157515204378,-3.37688166712302,0.000733125825113936,0.0258185969152982,"Lean"
"350","YBX2",26.8478309388287,-7.37432639604623,2.18347986846321,-3.37732740409302,0.000731938716949186,0.0258185969152982,"Lean"
"351","MED13L",209.787899105737,-2.30402026786268,0.683486099910468,-3.37098335747354,0.000749003824885666,0.0263026243462698,"Lean"
"352","ANAPC15",16.9848049252713,-4.58032077510903,1.35974522100037,-3.36851397185957,0.000755745665031064,0.0263144662914488,"Lean"
"353","KCNIP2",40.8306867829399,-7.11197573310217,2.11099009838839,-3.3690237289752,0.000754349343439802,0.0263144662914488,"Lean"
"354","MC4R",17.7263894000263,-8.11591116937982,2.40926919666847,-3.36861948868249,0.000755456437575445,0.0263144662914488,"Lean"
"355","CNPY4",13.3637824972561,5.02240717647685,1.49155216694014,3.36723534570039,0.00075925863196455,0.0263344582373888,"Obese"
"356","FAM58A",60.0169759757249,-4.86103918165591,1.44399877294431,-3.36637348503023,0.000761635102939475,0.0263344582373888,"Lean"
"357","TEAD1",12.2609474663262,-7.30168047054514,2.16926004096727,-3.36597749124135,0.000762729319385672,0.0263344582373888,"Lean"
"358","DLX3",16.5695846916689,-7.65482439315561,2.27587926282166,-3.36345803496846,0.000769725378151369,0.0263671826916091,"Lean"
"359","FGFR4",22.4167857317049,-5.81437061212748,1.72875635181866,-3.36332566819536,0.000770094578044725,0.0263671826916091,"Lean"
"360","LOC646268",21.7083981724702,-8.42621249334474,2.50492162460583,-3.36386272950583,0.000768597615530951,0.0263671826916091,"Lean"
"361","LTA4H",1274.73451856406,-3.54336268128802,1.05516677334773,-3.35810676642706,0.000784782945530693,0.0265748202928882,"Lean"
"362","SAA1",20.1758676397902,-4.6562932491062,1.38596082048478,-3.35961390847797,0.000780514675107188,0.0265748202928882,"Lean"
"363","ZNF547",29.7263601817891,-8.58282402993921,2.55420515398231,-3.36027198776792,0.000778657742572938,0.0265748202928882,"Lean"
"364","ZNF548",38.9947479834619,-5.35483699862567,1.59429863597892,-3.35874150412086,0.000782982715742895,0.0265748202928882,"Lean"
"365","NAPSB",11.5172843635719,5.68735558544879,1.69420081590178,3.35695481436866,0.000788059904784166,0.0266126750311497,"Obese"
"366","ALDH1L1",24.1057524131296,-8.32816185139329,2.48292475039954,-3.35417408443537,0.000796022653879939,0.0268081290484266,"Lean"
"367","RAPSN",33.1937208254732,-6.07243218260915,1.81082006721771,-3.35341555604655,0.000798207661400766,0.0268084676687353,"Lean"
"368","ELTD1",21.604383629636,-8.41887928046861,2.51337353411031,-3.34963313897103,0.00080918656463436,0.0269568475559003,"Lean"
"369","ERP29",154.964823178651,-3.72322523209564,1.11137055600636,-3.35012045440074,0.000807764253532629,0.0269568475559003,"Lean"
"370","ZNF469",27.722797485547,-7.76517287627309,2.31768641893808,-3.35039840283094,0.000806954054097693,0.0269568475559003,"Lean"
"371","PRSS42",38.0375195698564,-9.28432004486618,2.7739848878083,-3.3469252430577,0.00081713243381077,0.0270324076072604,"Lean"
"372","PTPRA",41.6670341149336,-2.65517379738788,0.793389803042707,-3.34661951439898,0.000818034077357467,0.0270324076072604,"Lean"
"373","SHKBP1",2166.2530566481,1.5787185281007,0.471626248632078,3.34739326464478,0.000815753948043997,0.0270324076072604,"Obese"
"374","MMP13",37.9584368629431,-8.63039375616927,2.58018447614687,-3.34487469247063,0.000823197532119737,0.0270926125912241,"Lean"
"375","ZDHHC9",46.4083398323228,-4.37171551615005,1.3071280781416,-3.34451962990917,0.000824251965090786,0.0270926125912241,"Lean"
"376","CREG1",13.2437455446594,-5.39211280777547,1.61579556492061,-3.33712563943101,0.000846496730253175,0.0276761769153863,"Lean"
"377","EPHA8",13.5825099635647,-7.66073060296474,2.29545022856506,-3.33735426176225,0.000845800660317161,0.0276761769153863,"Lean"
"378","TMEM229A",31.8926096396268,-8.36609970573496,2.50936978360255,-3.33394454671573,0.000856237262641273,0.0279205833315247,"Lean"
"379","PCDHGB1",21.5983558723083,-8.41946742202538,2.52722105589039,-3.3315120584333,0.000863755578566253,0.0280914281303631,"Lean"
"380","AK2",67.5156600375604,-3.50876878909773,1.05420055579226,-3.32836932196532,0.000873559765033357,0.0281871666591653,"Lean"
"381","ATP1A2",29.7730709466523,-8.95849762751839,2.69123501316877,-3.32876823602644,0.000872309607382599,0.0281871666591653,"Lean"
"382","DNM1P46",21.8212250359852,-7.76715714366564,2.33361119777318,-3.32838527303835,0.000873509744063686,0.0281871666591653,"Lean"
"383","OR4Q3",15.5190672144266,-5.25226632769396,1.57837831148072,-3.32763462947401,0.000875866567452036,0.0281878102099577,"Lean"
"384","CCNB1",24.6232241537666,-8.29285013651568,2.49321337513927,-3.32616944029207,0.000880483869769805,0.0282626150489131,"Lean"
"385","SOX13",67.1774610533326,-4.92191349555556,1.48027535431925,-3.3249986100181,0.000884189758413154,0.0283078518498715,"Lean"
"386","CHML",14.024931157281,-7.37854673708184,2.22022749127803,-3.32332914805704,0.000889498919002251,0.0284040509731133,"Lean"
"387","CAPN10",12.5976108217895,-4.14904144439329,1.24911247110396,-3.32159156230854,0.000895056097039863,0.0284589825513427,"Lean"
"388","LINC00114",13.8405598612769,-7.00050189120975,2.10772896766376,-3.32134823718308,0.000895836867590538,0.0284589825513427,"Lean"
"389","ABCG1",15.7204311176686,-3.14455631127968,0.947543943369101,-3.31863902807384,0.000904572801745545,0.0286243157625404,"Lean"
"390","LOC339894",31.7580766133238,-4.85060982620129,1.46177749119174,-3.31829560615736,0.000905685798100825,0.0286243157625404,"Lean"
"391","HIST1H3H",11.2449238672641,-5.92126671603818,1.78499008549385,-3.31725468066112,0.000909067092669666,0.0286577007269727,"Lean"
"392","LPPR2",488.019542697807,1.87135922002535,0.564392917727323,3.31570287515455,0.000914129632415495,0.0287437802274321,"Obese"
"393","LRR1",8.2385584712007,-4.75426446992982,1.43639033913355,-3.30986942783092,0.000933395021214306,0.0292748779427164,"Lean"
"394","UPK1B",35.1197252508416,-9.16542043664707,2.77155083884452,-3.30696457311539,0.000943128187672965,0.029505071170703,"Lean"
"395","LOC392364",30.3674081298915,-8.29184003072546,2.50833163930001,-3.30571918832848,0.000947329768324227,0.0295614853781378,"Lean"
"396","STX17",36.6175106522921,-3.07028590566881,0.929026948476239,-3.30484052233855,0.000950304566933525,0.0295794295253097,"Lean"
"397","SMARCA1",26.1617191799026,-5.68107950003483,1.72094097842339,-3.30114720450173,0.000962903479734105,0.0298960914136085,"Lean"
"398","IQSEC1",37.7900308919815,-2.34996142148283,0.712359393548237,-3.29884247019998,0.000970843759831389,0.0299454252932971,"Lean"
"399","OR2V2",21.096828007176,-5.3572231863086,1.62479378604186,-3.29717114401285,0.000976639702085465,0.0299454252932971,"Lean"
"400","POMP",15.2913297957399,-4.05405525066588,1.22910368916674,-3.29838343696967,0.00097243244641998,0.0299454252932971,"Lean"
"401","RETSAT",81.1912291988528,-4.59960520727292,1.39489922484707,-3.29744624223819,0.00097568349943742,0.0299454252932971,"Lean"
"402","SPAG8",10.9571625505242,-7.11495297240533,2.15606869421622,-3.29996580883143,0.000966966084703082,0.0299454252932971,"Lean"
"403","RSPH6A",32.87937948755,-9.06734039175142,2.75075241176141,-3.29631280262888,0.000979628756340583,0.0299625410686204,"Lean"
"404","ABCB7",26.0280784464075,-8.73401842321056,2.65164756407073,-3.29380817479468,0.000988399265354633,0.0301203367404778,"Lean"
"405","ANXA2",200.446507758262,-3.91753278446894,1.19023176675397,-3.29140331647586,0.000996888772865011,0.0301203367404778,"Lean"
"406","APC2",17.0879852308557,-7.375821415404,2.2399196958798,-3.29289546807031,0.000991613343195393,0.0301203367404778,"Lean"
"407","DPCR1",35.2116595089769,-9.16994283903055,2.78722132562196,-3.28999450267348,0.00100189340123283,0.0301203367404778,"Lean"
"408","OR6C2",35.7239377210703,-6.77951310740419,2.05946903385324,-3.29187426271703,0.000995220965635347,0.0301203367404778,"Lean"
"409","RPS26",295.138328393266,-3.42678722688988,1.0414952486861,-3.29025718668705,0.0010009584898396,0.0301203367404778,"Lean"
"410","TRIM40",98.8604653149314,-8.0899617610398,2.4582627252333,-3.29092642458385,0.000998580272446344,0.0301203367404778,"Lean"
"411","UQCR11",314.098513399916,-1.90827526485495,0.58054024072927,-3.28706802901,0.00101236374288337,0.0303610595980059,"Lean"
"412","ADAM9",28.0172322131129,-3.18583152756161,0.97074789204117,-3.28183203247841,0.00103135020661862,0.0304520181593522,"Lean"
"413","APOC1",16.2521687617009,-7.32776141785234,2.23311873767055,-3.28140250414817,0.00103292227229945,0.0304520181593522,"Lean"
"414","CHCHD10",23.9159304285926,-4.14836342637505,1.26352527727499,-3.28316615503071,0.00102648145135097,0.0304520181593522,"Lean"
"415","FAM100B",4373.98236593247,1.56214234829224,0.476450999352006,3.27870515628433,0.00104284531241681,0.0304520181593522,"Obese"
"416","GBP5",1225.1448055662,2.34900143013739,0.716349900085325,3.27912578735279,0.00104129210590539,0.0304520181593522,"Obese"
"417","GNAQ",662.361839224512,1.76311724529964,0.53784551512262,3.27811089936797,0.00104504329720964,0.0304520181593522,"Obese"
"418","LOC90834",44.7912967552006,-4.21937359164169,1.28681797455013,-3.27892030970174,0.00104205057734259,0.0304520181593522,"Lean"
"419","PTP4A1",123.26888945977,-2.06159733712252,0.628844156671837,-3.27839149851298,0.00104400490835018,0.0304520181593522,"Lean"
"420","SETBP1",38.0858770915651,6.43777515407218,1.96125258707691,3.28248140830609,0.00102897770700917,0.0304520181593522,"Obese"
"421","ZFP90",16.8316405641537,-6.85040241419892,2.08656494046808,-3.28310050712448,0.00102672052876332,0.0304520181593522,"Lean"
"422","ZNF16",13.6595690936289,-6.98340119840594,2.12898663530384,-3.28015267104263,0.00103750926121451,0.0304520181593522,"Lean"
"423","ZNHIT1",42.5049391150333,-3.24941670119455,0.990288324159591,-3.28128346252307,0.00103335835472186,0.0304520181593522,"Lean"
"424","DUOX2",37.6647596978226,-9.2709343296926,2.83031286539277,-3.27558640002367,0.00105442856064262,0.030653034053021,"Lean"
"425","RTKN",10.6376730452095,-6.97337940009,2.13011493220628,-3.27371039686919,0.00106145336817649,0.0307846452144551,"Lean"
"426","COQ5",33.0275580309094,-5.99180060065276,1.83154590451935,-3.27144440435151,0.00106999624181493,0.0308942530148064,"Lean"
"427","DDX11L9",24.0209234037666,-5.52062439647267,1.68755291645821,-3.27137854027073,0.00107024550035067,0.0308942530148064,"Lean"
"428","C1orf106",19.0405897520998,-7.55322251811438,2.31025129010696,-3.2694376367017,0.00107761488742236,0.0309775742831851,"Lean"
"429","REG4",18.9946548516968,-8.22113524695286,2.51465078838016,-3.26929499910745,0.00107815831311751,0.0309775742831851,"Lean"
"430","GABRR3",51.9933540025469,-6.53978431090474,2.00107119580921,-3.26814174558148,0.00108256133750257,0.0310317466187363,"Lean"
"431","ANXA3",327.534243404744,-3.22659709678705,0.988562280607789,-3.26392900081447,0.00109878696512338,0.0313510373428489,"Lean"
"432","CELF4",35.0995427688707,-9.16576009475851,2.80792090448696,-3.26425152507393,0.00109753683902689,0.0313510373428489,"Lean"
"433","CECR2",24.0640733457922,-6.73599522355522,2.06568352013144,-3.26090379184832,0.00111057715006703,0.0315414146353138,"Lean"
"434","PARP10",295.248364436205,2.01081453715268,0.616637682796962,3.26093359723326,0.00111046042075988,0.0315414146353138,"Obese"
"435","ABCG5",37.6896840593029,-8.61909388456485,2.645783006454,-3.25767225185884,0.00112330061230383,0.0317564296955437,"Lean"
"436","H2BFM",19.0219872273592,-8.22443633067455,2.52450931642165,-3.25783560281419,0.00112265423422239,0.0317564296955437,"Lean"
"437","FITM2",17.4684690174532,-8.83134115367445,2.71218636266032,-3.25617047385047,0.00112925927569282,0.0318518302796102,"Lean"
"438","ARHGEF28",12.2568788768447,-6.69074087101378,2.05682182700279,-3.25295112254014,0.00114213141145729,0.0320681361677052,"Lean"
"439","FAM84A",28.158428095911,-8.83612374911775,2.71600741831863,-3.25335037361122,0.00114052772616887,0.0320681361677052,"Lean"
"440","CCDC58",18.7438663696834,-5.35061051832917,1.64600713220816,-3.25066059170181,0.00115137221597566,0.0322338758886803,"Lean"
"441","GORAB",5.75312250070517,4.93314298168364,1.51819121464528,3.24935550548305,0.00115666824634825,0.0322338758886803,"Obese"
"442","HTR4",35.0621705221687,-9.16450919932203,2.82079792580491,-3.24890667122387,0.00115849480923944,0.0322338758886803,"Lean"
"443","NUDT6",19.648049755204,-6.32119357698387,1.94504307137651,-3.24989902280691,0.00115445992718228,0.0322338758886803,"Lean"
"444","C6orf136",30.1333390618282,-4.41572291753057,1.36019436927878,-3.24639111678718,0.00116878147021977,0.0324468477520921,"Lean"
"445","MZT2B",37.8617021867831,-3.77621295199222,1.16493702344868,-3.24155973754968,0.00118877516346246,0.0328539073202651,"Lean"
"446","OR6Y1",25.3696602866312,-6.58465927070152,2.03101709603594,-3.24205014500036,0.00118673139440253,0.0328539073202651,"Lean"
"447","C21orf59",15.3923423852217,-5.60754211309446,1.7309286377702,-3.23961484646654,0.00119691254461395,0.0330047964763122,"Lean"
"448","MAL2",10.3410880077455,-7.35428361443804,2.27184144317303,-3.23714651677736,0.00120731407864105,0.0332173065476106,"Lean"
"449","ALKBH3",24.340702795407,-8.28186420094633,2.560217437147,-3.23482844885836,0.00121715837854448,0.033413572770466,"Lean"
"450","TCIRG1",1377.56291095467,1.71235082541114,0.529752479796364,3.23236018842115,0.00122772197553157,0.0336286690453382,"Obese"
"451","MYO7B",24.3845136219776,-8.28506530032686,2.56431123167693,-3.23091253432168,0.00123395693668511,0.0337245082074958,"Lean"
"452","ZNF789",39.3467793956696,-3.43381603161886,1.06312406265363,-3.22992974408634,0.00123820640708691,0.0337657791454718,"Lean"
"453","C11orf65",13.2608944956108,-7.67756634262125,2.37780392612895,-3.22884753374947,0.00124290138990848,0.0338189901368916,"Lean"
"454","SSTR5-AS1",35.0283357128975,-9.16360703267685,2.8389133455961,-3.22785725280837,0.00124721195120357,0.0338615297588882,"Lean"
"455","MCAM",38.672696806621,-5.02920544476253,1.55878781926261,-3.22635664881036,0.00125377019508459,0.033964772361786,"Lean"
"456","ARL14",95.818733069253,-5.62848579340899,1.74598795426163,-3.22366817002999,0.00126559961641689,0.0340606569256649,"Lean"
"457","LCN15",21.336040575484,-8.08666174127469,2.50829530615235,-3.22396717860122,0.00126427889155586,0.0340606569256649,"Lean"
"458","SORL1",5748.17074116529,1.25042371788224,0.387786302438972,3.22451749847205,0.00126185144688177,0.0340606569256649,"Obese"
"459","C12orf75",32.9736359749775,-5.51230045955784,1.71195474813873,-3.21988677887129,0.0012824123481495,0.0344379403121802,"Lean"
"460","TOMM34",22.1130533151179,4.19166117233638,1.30227955791525,3.2187107191075,0.00128768319960541,0.0345043111268181,"Obese"
"461","ATAD3C",18.8846125515348,-8.21483247758823,2.55369687328999,-3.21683930599205,0.00129611171880211,0.0346548222254986,"Lean"
"462","F8A1",17.3769624514427,-3.22143293598168,1.00170657515948,-3.21594468466855,0.001300158900459,0.0346877891927655,"Lean"
"463","GPR179",32.5388258723363,-9.05368302328214,2.81895230391843,-3.21171912369615,0.00131943305660925,0.0351259867295153,"Lean"
"464","CD8A",10.4996292027123,4.08858305785589,1.27380058089227,3.20975129010534,0.00132849866885483,0.035139645047864,"Obese"
"465","FCAR",887.497935725385,-2.64866541752727,0.82512151160938,-3.21003074124332,0.00132720777360564,0.035139645047864,"Lean"
"466","GGTLC1",34.9535912194934,-9.16081537132782,2.85380453712547,-3.21003602459585,0.0013271833788638,0.035139645047864,"Lean"
"467","C3orf58",11.1749446598166,-6.63159933240492,2.06780973779246,-3.20706456266361,0.00134096896987824,0.0352967973696508,"Lean"
"468","HABP2",32.3857994480973,-9.04643594057921,2.82022170681932,-3.20770381942131,0.00133799214184147,0.0352967973696508,"Lean"
"469","NOS2",37.5552178001607,-9.26824554450755,2.8906676722503,-3.20626464033912,0.00134470257613012,0.0352967973696508,"Lean"
"470","PKDCC",64.3981427334878,-5.13767013062217,1.60251233874437,-3.2060097176211,0.00134589443158656,0.0352967973696508,"Lean"
"471","MAP4K5",7.80768878593179,-4.72813058747238,1.47519801538886,-3.20508198773982,0.00135024013435441,0.0353355836434235,"Lean"
"472","C1orf105",24.337896592293,-8.28092177978906,2.58424503050385,-3.20438723187737,0.00135350300502258,0.0353459280506533,"Lean"
"473","GCGR",21.8934998307601,-8.11679457290646,2.53469963032159,-3.202270784202,0.00136348762938944,0.0355313922195649,"Lean"
"474","IFNA7",16.2464450068373,-6.39771783680674,1.99969432143696,-3.19934790443842,0.00137738842864195,0.0358179109102125,"Lean"
"475","AP1S1",5.65576480956576,-5.29433135248874,1.65604476926042,-3.1969735666344,0.00138877652496973,0.0358594649191547,"Lean"
"476","CSF3R",39302.2903468582,1.61995184792411,0.506966017386474,3.19538547430721,0.00139644192448436,0.0358594649191547,"Obese"
"477","PDE6B",32.3258706618811,-9.04385488845776,2.82888558376544,-3.19696736423669,0.00138880638706001,0.0358594649191547,"Lean"
"478","REPIN1",42.2243931541398,-6.50139251625012,2.03402666772131,-3.19631626242812,0.00139194448036185,0.0358594649191547,"Lean"
"479","SLC51B",34.9162189727914,-9.1595333862589,2.8662945359761,-3.19560089561405,0.00139539984731965,0.0358594649191547,"Lean"
"480","TSPAN1",12.2863382088093,-7.59340893193366,2.37459917659546,-3.19776449296196,0.00138497337616485,0.0358594649191547,"Lean"
"481","NME4",88.2377751096193,-4.05387657400166,1.26906838500581,-3.19437204637565,0.00140135390758105,0.0359107864133971,"Lean"
"482","IFITM4P",21.9073660131754,-5.60653202870082,1.75569887055724,-3.19333350537575,0.00140640413565943,0.0359654302409506,"Lean"
"483","C12orf52",12.5256506919109,-6.53241831241062,2.04746019860055,-3.19049831438753,0.00142027669469497,0.0360212562526959,"Lean"
"484","KRT8P41",102.579434597109,-5.12368034340443,1.605165778863,-3.19199450354201,0.00141294021388969,0.0360212562526959,"Lean"
"485","SLFN11",31.1026939941007,5.58350024604648,1.74984624609192,3.19085191542777,0.00141853966927191,0.0360212562526959,"Obese"
"486","ZNF600",14.6156655577512,-7.81679479670614,2.4498988102123,-3.19066026895566,0.00141948086781045,0.0360212562526959,"Lean"
"487","ITGA7",94.9548600803891,-4.94392027215783,1.55023044016912,-3.1891518473979,0.00142690902826327,0.0361151554052836,"Lean"
"488","RNF208",14.4992260763475,-6.71536858085538,2.10691902216664,-3.18729315659681,0.00143611135404039,0.0362735830940611,"Lean"
"489","M6PR",41.1467270691378,-2.81185602600544,0.882646914975756,-3.18570877923781,0.00144399871950716,0.0363982172119536,"Lean"
"490","KGFLP1",18.8359620350757,-8.21267716747118,2.57880561438801,-3.18468252188142,0.00144912893267488,0.0364529861717359,"Lean"
"491","CXorf48",29.8149643114521,-8.2648536609755,2.5977925103088,-3.18149106527105,0.00146519042240383,0.036558577219736,"Lean"
"492","MTNR1B",27.4515828510032,-8.79837852343956,2.76463150885515,-3.18247784388561,0.00146020687386188,0.036558577219736,"Lean"
"493","MYADM",339.009861282718,-1.94166917748352,0.610193894998866,-3.18205277600677,0.00146235168464551,0.036558577219736,"Lean"
"494","NFKBIB",461.851476891112,2.46485810621017,0.774742699242634,3.18151833972717,0.00146505246728152,0.036558577219736,"Obese"
"495","FLJ11235",48.2569765132048,-5.20664224248216,1.63772146112056,-3.17919888460134,0.00147682722209498,0.0367744895748337,"Lean"
"496","RYR1",11.9591051489878,-7.13809537408483,2.24575349664496,-3.17848569967664,0.0014804652088137,0.0367907543625761,"Lean"
"497","FRMD1",20.1267001344759,-7.99443078797024,2.51615098718905,-3.1772460510811,0.00148680836646522,0.0367999998494986,"Lean"
"498","TIMM9",29.30487402469,-6.59353492402823,2.07505151298453,-3.17752830846344,0.00148536188592771,0.0367999998494986,"Lean"
"499","ADPRHL1",34.8394304140821,-6.13057374624564,1.93272318378326,-3.17198748257636,0.00151399532575076,0.0369195037919756,"Lean"
"500","AMT",49.3195665988926,-4.0489684571701,1.27606715254455,-3.17300578507663,0.00150869518224002,0.0369195037919756,"Lean"
"501","GNG10",546.146083570946,-2.11375320644824,0.665844554688516,-3.17454455632975,0.0015007184836548,0.0369195037919756,"Lean"
"502","RHBDF1",27.298526764293,-8.78988778578481,2.7714870725007,-3.17154204794964,0.00151631914800635,0.0369195037919756,"Lean"
"503","SNORA29",28.9484565525923,-3.31014505262693,1.04384539572085,-3.17110662766398,0.0015185939009031,0.0369195037919756,"Lean"
"504","SNRNP25",33.9840456616478,-5.90355978451542,1.85897790287349,-3.17570196794167,0.00149474430448333,0.0369195037919756,"Lean"
"505","TAS2R39",75.5337104788846,-4.50220231364934,1.41840731999608,-3.17412512624498,0.00150288886897862,0.0369195037919756,"Lean"
"506","TPI1",91.9138475911988,-2.64610527311406,0.834034508365254,-3.17265682243837,0.00151050956315358,0.0369195037919756,"Lean"
"507","ZNF169",43.8087848762261,-4.74238294881399,1.49504192700658,-3.17207354733478,0.00151354670622236,0.0369195037919756,"Lean"
"508","SH3RF1",28.0110909991663,-6.0083161038413,1.89510837746665,-3.17043403706184,0.00152211387416837,0.0369322354586602,"Lean"
"509","SEC31B",25.8500786712714,-6.80295225360232,2.14641516514121,-3.1694484664875,0.00152728539071019,0.0369849110528365,"Lean"
"510","OPCML",29.6981501042688,-8.91706544747274,2.81597503512159,-3.16659960981781,0.00154232513887819,0.037217446863802,"Lean"
"511","TMSB15A",14.0774549554947,-7.75006605408897,2.44752877824779,-3.16648618106845,0.00154292676840847,0.037217446863802,"Lean"
"512","IRGM",24.4228242157201,-7.57466960587292,2.39511136731106,-3.16255423829283,0.00156391599534285,0.037503557506996,"Lean"
"513","PKN3",11.1481862487378,-6.63275063892042,2.09700261390992,-3.16296727287023,0.00156169886831802,0.037503557506996,"Lean"
"514","SPACA4",28.8213749049052,-4.83670036838023,1.52920890816113,-3.16287744765779,0.0015621807943776,0.037503557506996,"Lean"
"515","GLUD2",37.2367480534875,-5.5274813561703,1.74853120070167,-3.16121402577899,0.00157113009330121,0.0376033971456906,"Lean"
"516","GRASP",229.429926120042,4.15351939490118,1.31443933192353,3.15991715557003,0.00157814004604619,0.0376979732704754,"Obese"
"517","CA7",27.2537533427359,-8.78778184531087,2.78213506553507,-3.15864673652024,0.00158503493309504,0.0377416094164549,"Lean"
"518","DNAJB6",1439.31623006067,1.47925265235089,0.468371736312466,3.15828761145405,0.0015869890178985,0.0377416094164549,"Obese"
"519","MKRN9P",49.9262196199105,-3.57412321630378,1.13180722010228,-3.15789045415418,0.00158915262754666,0.0377416094164549,"Lean"
"520","ANKRD42",10.6888008761975,-6.40241019699289,2.02948007587432,-3.15470463253238,0.00160660666242658,0.0377787239864762,"Lean"
"521","BCCIP",13.4948251849668,-5.81129948752448,1.84284391251433,-3.15344096592298,0.00161357860863907,0.0377787239864762,"Lean"
"522","HNRNPA3",165.02988632771,-3.3817864826717,1.07151653560783,-3.15607493705485,0.00159907771480157,0.0377787239864762,"Lean"
"523","LOC441242",30.1891016649693,-6.60679328734831,2.09414792694672,-3.15488376075755,0.00160562061680994,0.0377787239864762,"Lean"
"524","LOC650623",44.0586595431159,-3.93995856003367,1.24953434458963,-3.15314146993505,0.00161523507552109,0.0377787239864762,"Lean"
"525","TINF2",32.6865013050655,-1.91013376377139,0.60551086874969,-3.15458212618973,0.0016072813429713,0.0377787239864762,"Lean"
"526","USP17L2",235.039581644625,-5.30992630989711,1.68359646298078,-3.15391866557856,0.00161093975989128,0.0377787239864762,"Lean"
"527","WDTC1",8.9226670465715,-3.03948146024118,0.962972180775024,-3.1563543796197,0.00159754634907231,0.0377787239864762,"Lean"
"528","NETO2",41.8069426217122,-4.85688720374871,1.5410891742386,-3.15159387590166,0.00162381955047594,0.0378359164067418,"Lean"
"529","POMZP3",38.9281804628264,-4.66043130840716,1.47852457828436,-3.15208240488976,0.0016211051646428,0.0378359164067418,"Lean"
"530","C9orf24",24.3720849427475,-7.57276329638129,2.40388601191928,-3.15021729767259,0.00163149066948273,0.0378714764445277,"Lean"
"531","SLC27A1",31.175802857107,-5.12286557375985,1.62597316214497,-3.15064583661504,0.0016290990259486,0.0378714764445277,"Lean"
"532","ZNF253",90.1773770002507,-5.18581653806689,1.64776953053255,-3.14717346205015,0.00164857128983417,0.0381960333054437,"Lean"
"533","CR2",13.0085032790833,-5.77680396274657,1.83707142945658,-3.14457231772168,0.00166329795473284,0.03846493544097,"Lean"
"534","IL4I1",24.8799444739134,-7.33692417693968,2.33366794749268,-3.14394521500908,0.00166686642690495,0.0384752726180345,"Lean"
"535","NRADDP",35.873887920764,-4.97374067741542,1.58251278478838,-3.14293870180679,0.00167260862862285,0.0385356522549632,"Lean"
"536","PGAP1",12.7100566041289,4.69103351717503,1.49290598508303,3.14221629764189,0.00167674118807426,0.0385587908287374,"Obese"
"537","DROSHA",40.8766686769786,-4.08165178600323,1.29950189907923,-3.14093560686237,0.00168409055667192,0.0386556800773522,"Lean"
"538","FBXO40",13.6392915258722,-7.34674449537445,2.34116828371548,-3.13806766753009,0.00170065611044935,0.0388190504025902,"Lean"
"539","MRPL11",23.1489713239745,-5.74702985538236,1.83108738980078,-3.13858851707107,0.00169763652863102,0.0388190504025902,"Lean"
"540","SLC25A18",14.9122425367134,-5.67303552615058,1.8072608492709,-3.13902419146591,0.00169511453120708,0.0388190504025902,"Lean"
"541","MAP1LC3C",27.0965235236015,-8.77951054314329,2.80132082931969,-3.13406106549939,0.00172404973402494,0.0392078173830099,"Lean"
"542","NCLN",367.775480243854,2.49880423167406,0.797207553163622,3.13444625776293,0.00172178789482039,0.0392078173830099,"Obese"
"543","BST1",68.4318267613275,-2.78960639114811,0.890608294479617,-3.13224838398578,0.00173473048467876,0.0393780625306638,"Lean"
"544","ACBD7",35.2967048004862,-7.07219707108814,2.26226618202777,-3.12615603206737,0.00177107555197535,0.0397019236481891,"Lean"
"545","COX7A1",19.5086848004346,-5.10232020953501,1.63245831948792,-3.12554394107626,0.0017747655305981,0.0397019236481891,"Lean"
"546","DNTTIP1",173.693761879761,-1.75214364093775,0.560334828621045,-3.12695829607751,0.0017662497990179,0.0397019236481891,"Lean"
"547","FOLR3",24.1066739059623,-3.0267792353233,0.967469946582867,-3.12855117206893,0.00175670419058707,0.0397019236481891,"Lean"
"548","MYO6",12.7112572713894,-5.64967936087732,1.80659019452448,-3.1272611674749,0.0017644311219919,0.0397019236481891,"Lean"
"549","OR2T29",44.9997404171483,-5.3622521309554,1.71561209295441,-3.12556209703629,0.00177465597611678,0.0397019236481891,"Lean"
"550","SMCR7L",19.3916490114313,-5.87470578568336,1.87928643892384,-3.12602999947547,0.00177183475991103,0.0397019236481891,"Lean"
"551","TMED10",45.9735630452597,-2.35593424717739,0.75288278083348,-3.1292178638609,0.00175272301358446,0.0397019236481891,"Lean"
"552","CDK11A",15.8212100898093,-3.29041818230419,1.05300854897684,-3.12477822283716,0.0017793915984696,0.0397332986281454,"Lean"
"553","ZNF782",223.588198421783,-3.91980891743092,1.25531242028665,-3.12257638344392,0.001792755789879,0.039959327063379,"Lean"
"554","TAS2R10",20.6389940332586,-5.961733017142,1.90973820117185,-3.12175407785411,0.00179777043732882,0.0399987696940705,"Lean"
"555","CAPN8",16.2218948434312,-7.97915411762296,2.55738945255466,-3.12003872138141,0.00180827267918121,0.0400044531418699,"Lean"
"556","OR9A2",78.3602319849718,-5.1929228885541,1.66461526607247,-3.11959345465237,0.00181100801988994,0.0400044531418699,"Lean"
"557","SCO1",7.82619865021658,-4.94067284681913,1.58373281971419,-3.11963784883282,0.0018107351291733,0.0400044531418699,"Lean"
"558","TCEAL7",19.3985485508614,-6.36659993586775,2.04002630751829,-3.12084207561655,0.00180334715600166,0.0400044531418699,"Lean"
"559","TMIE",21.6128750017625,-8.10013058459159,2.59722529410631,-3.11876316735887,0.00181611875886775,0.0400455810765723,"Lean"
"560","PLEKHJ1",34.1461987136257,-4.37943791851471,1.4051372518482,-3.11673319652893,0.00182866987986492,0.0402503302485983,"Lean"
"561","DNHD1",16.5979943096772,-7.76147479167583,2.49085846263551,-3.11598386985972,0.00183332300295467,0.040280818777931,"Lean"
"562","CCDC122",16.3530213965908,-7.30977496883351,2.34859737524297,-3.11240021209565,0.00185572738456599,0.0404229204921389,"Lean"
"563","CUZD1",13.9656698899163,-7.04783082136195,2.26337993299668,-3.11385230496001,0.00184661902150008,0.0404229204921389,"Lean"
"564","DPP8",11.823309941492,-3.68414402132901,1.18372654049634,-3.11232695668395,0.00185618797651717,0.0404229204921389,"Lean"
"565","FAM127A",7.74888296139405,-6.9552668229015,2.23448226061752,-3.11269726570994,0.00185386074181826,0.0404229204921389,"Lean"
"566","TRIM8",602.607866575116,1.7203485261811,0.552640081825603,3.11296372224408,0.00185218783459967,0.0404229204921389,"Obese"
"567","SP5",15.2922598176751,-7.65493593887969,2.46003012682257,-3.11172446849949,0.00185998009494589,0.0404340646389824,"Lean"
"568","CTBS",115.035919081155,-1.96195749503595,0.630646136889278,-3.11102753235514,0.00186437555545812,0.0404582624939733,"Lean"
"569","DCUN1D4",8.16858458818995,-4.33795761593755,1.39568197823788,-3.10812755597406,0.00188276787764591,0.0406830233615706,"Lean"
"570","LOC100507501",29.5301680616043,-8.91014749519196,2.86654978161243,-3.10831772479459,0.00188155669548393,0.0406830233615706,"Lean"
"571","SLAMF8",27.2432438733329,-6.8888119900527,2.21659538115853,-3.10783467682413,0.00188463462108201,0.0406830233615706,"Lean"
"572","LOC731789",35.2765327983611,-8.1435607076016,2.621237486812,-3.10676188196361,0.00189148689328056,0.0407595584730353,"Lean"
"573","LYSMD4",19.1004986266873,-7.90667612901712,2.54554633992765,-3.10608218165137,0.00189584018326612,0.0407820699806948,"Lean"
"574","RND2",8.4136626030241,-5.93378875724007,1.91088424404349,-3.10525808967056,0.00190113060278621,0.0408246268465903,"Lean"
"575","PLEKHA5",15.419102568815,-7.61586107929036,2.4533236534341,-3.10430344917185,0.00190727605291036,0.0408853645707357,"Lean"
"576","C17orf72",26.9731285137383,-8.773558860743,2.8299683702398,-3.10023212732924,0.0019336903360358,0.0413079152200645,"Lean"
"577","CHRNB2",26.9844067834954,-8.77421380150994,2.82997686534892,-3.10045425068453,0.00193224060564428,0.0413079152200645,"Lean"
"578","ELOVL6",31.7910125061209,-7.07545714722752,2.2887720244032,-3.09137697935313,0.00199230518371791,0.0424130461045026,"Lean"
"579","OR9I1",46.312278983396,-5.65968629021439,1.83071785854891,-3.09151203380976,0.0019913991038617,0.0424130461045026,"Lean"
"580","CBWD3",20.3425663645337,-2.76927909825089,0.896167284873584,-3.09013634507036,0.00200064631514212,0.0424440042692629,"Lean"
"581","TMEM95",26.9992224906833,-8.77552542083679,2.83974921890154,-3.09024661840784,0.00199990362092861,0.0424440042692629,"Lean"
"582","SLCO1C1",21.2755252755261,-8.43344684508269,2.73130427041916,-3.08769950547782,0.00201712324176793,0.0427200362165489,"Lean"
"583","ATP5J",18.9446669959387,-7.89726922324562,2.56147921090072,-3.08308932964895,0.00204863649239329,0.042871805441833,"Lean"
"584","CERS1",19.4097118559693,-6.22442833506778,2.0188240309811,-3.08319508760892,0.00204790854114618,0.042871805441833,"Lean"
"585","DANCR",34.4484600235975,-5.21750777812661,1.69184291756824,-3.08391974452684,0.00204292697668459,0.042871805441833,"Lean"
"586","IL12RB2",31.1087691028245,-6.22219370547136,2.01639024433176,-3.08580827692579,0.00202999669175926,0.042871805441833,"Lean"
"587","NCMAP",24.4575246962321,-8.62560543656703,2.79741303570126,-3.08342219274914,0.0020463461371421,0.042871805441833,"Lean"
"588","RBM26",38.3071686036696,-4.02187522774763,1.30353078760488,-3.0853703387685,0.00203298843348302,0.042871805441833,"Lean"
"589","SF1",105.297574790072,-2.96501450282977,0.961517915992787,-3.08368097308757,0.00204456715196501,0.042871805441833,"Lean"
"590","GH2",24.448900488945,-7.96408265588541,2.58421266081443,-3.08182170014425,0.0020573803119943,0.0428854567922934,"Lean"
"591","HNRNPK",299.893302626836,-1.64303186344523,0.533195280014338,-3.08148238559247,0.00205972662834964,0.0428854567922934,"Lean"
"592","LEF1-AS1",29.4927958149023,-8.90905964935556,2.89083601016661,-3.08182810025328,0.0020573360796366,0.0428854567922934,"Lean"
"593","GUCY2C",13.6193607268331,-6.72502225235905,2.18317041049859,-3.08039272611028,0.00206727809256841,0.0429701007908908,"Lean"
"594","FAM120AOS",10.958537496148,-6.60373319276237,2.14481674745185,-3.07892653328446,0.00207747905524253,0.0430858613974387,"Lean"
"595","PLEKHH3",17.3387079452675,-7.03496457218885,2.28512672908152,-3.07858837002728,0.00207983835238325,0.0430858613974387,"Lean"
"596","SNORA77",35.740740322283,-3.73260881568459,1.21273619514742,-3.07784069661651,0.00208506344620606,0.0431216309361341,"Lean"
"597","C1orf228",26.9470345367933,-8.7730829556161,2.85510504968722,-3.07277063468372,0.00212081427848197,0.0431303342952582,"Lean"
"598","CD37",213.404794138957,-1.74344279582944,0.566764409033287,-3.07613316581254,0.0020970416544631,0.0431303342952582,"Lean"
"599","COA4",19.6317717414,-5.97195685475631,1.94197440038849,-3.07519854719075,0.0021036246328136,0.0431303342952582,"Lean"
"600","CT62",24.4427089890442,-8.62491604953491,2.80298784574251,-3.07704368487912,0.00209064659578879,0.0431303342952582,"Lean"
"601","GCSH",62.0690356894608,-4.5939395787186,1.49502976837645,-3.07280809779959,0.00212054806366797,0.0431303342952582,"Lean"
"602","KSR1",40.0088564483949,4.17280192289767,1.35664357626752,3.07582772357802,0.00209919095295886,0.0431303342952582,"Obese"
"603","LIPT1",11.1153910066343,-6.05011789847837,1.96857012908245,-3.07335654904929,0.0021166542476184,0.0431303342952582,"Lean"
"604","LOC100289561",10.5506100161789,-4.51629971784552,1.46899835053252,-3.07440761673309,0.00210921034486656,0.0431303342952582,"Lean"
"605","LPAR3",26.9244779972792,-8.77177096324867,2.85509102214467,-3.07232620438824,0.00212397476206569,0.0431303342952582,"Lean"
"606","MST1P9",26.9470345367933,-8.7730829556161,2.85510504968722,-3.07277063468372,0.00212081427848197,0.0431303342952582,"Lean"
"607","NOL7",73.5877437107874,-2.34832958185115,0.764154278331546,-3.07310925089433,0.00211840916741147,0.0431303342952582,"Lean"
"608","BPIFA1",22.2035266056402,-8.47961040321465,2.76127278276515,-3.07090645159771,0.00213410002890192,0.0431404706414985,"Lean"
"609","GORASP2",8.73058549477896,-3.91776963996823,1.27564651106624,-3.07120319460097,0.0021319800921158,0.0431404706414985,"Lean"
"610","MMP11",20.3815785442817,-4.92147885433165,1.60267817563796,-3.07078422177466,0.00213497380263785,0.0431404706414985,"Lean"
"611","AFF2",198.031749967001,-2.4314701488427,0.792493344857818,-3.06812689925988,0.00215405124726448,0.0431720905264748,"Lean"
"612","CATSPER3",24.47548947678,-7.96518346421538,2.59577445186681,-3.06851909205248,0.00215122582102283,0.0431720905264748,"Lean"
"613","CCDC89",33.4787634679891,-5.22817607720317,1.7033181015412,-3.069406749375,0.00214484352449564,0.0431720905264748,"Lean"
"614","HCFC2",13.6484832268081,-6.20545656408762,2.02164612361856,-3.06950682000687,0.00214412510208719,0.0431720905264748,"Lean"
"615","SRSF8",72.3290156686251,-4.17591273212876,1.36086554496885,-3.06857113663227,0.00215085113813985,0.0431720905264748,"Lean"
"616","G0S2",82009.0106003352,1.85809501642968,0.605835515329682,3.06699585846918,0.00216221852973488,0.0432654311647923,"Obese"
"617","RAX2",37.6934285172118,-9.27732600335328,3.02673461830367,-3.06512700097663,0.00217577584238933,0.0434661475418004,"Lean"
"618","ABCF3",22.8505301332731,-3.78094655628403,1.23400533269036,-3.06396289879952,0.00218425996638382,0.0435650296855128,"Lean"
"619","ANKRD45",37.5664960699178,-9.27221970634483,3.0267497761254,-3.06342459475272,0.0021881934388104,0.0435729762952778,"Lean"
"620","DLG1",23.7702988600965,-3.96682942719726,1.29554470979053,-3.06190083384975,0.00219936302810056,0.0436543457075161,"Lean"
"621","GAGE1",37.4691950369996,-9.26825574318231,3.02676157838252,-3.06210301114473,0.00219787801174605,0.0436543457075161,"Lean"
"622","TECPR1",8.47670130920923,-7.11649722094901,2.32583702050818,-3.05975748008092,0.00221516286706958,0.0438972628609319,"Lean"
"623","FAM110B",26.8983840203342,-8.77077369890303,2.86794595512314,-3.05820745444502,0.00222665369752419,0.044054146830952,"Lean"
"624","SHBG",22.1360187441865,-7.81613645141874,2.55768470200051,-3.05594213598936,0.00224354549092852,0.0443172142967708,"Lean"
"625","SCARNA13",349.151366041425,-1.93347769786732,0.632801727463504,-3.05542417783432,0.0022474242040157,0.044322801181916,"Lean"
"626","HIATL2",32.3993322292768,-8.0181998861746,2.62572570414466,-3.05370811334863,0.00226031883934643,0.0445058945907094,"Lean"
"627","HELT",24.3566862258831,-8.62030251626108,2.82334079287513,-3.05322777116207,0.00226394028837102,0.0445061052543242,"Lean"
"628","FAM185A",23.4456498356175,-4.15171522324405,1.36082952888455,-3.05087091007434,0.00228178654811689,0.0447855111338994,"Lean"
"629","KRIT1",10.9452762585646,-6.6057827354589,2.16635330670912,-3.0492638089092,0.00229402938973784,0.0449542229855463,"Lean"
"630","IL1RAP",48.5854725522178,-2.92287933278456,0.959978292898762,-3.04473481786615,0.00232885551341233,0.0455204343720417,"Lean"
"631","RAB11A",72.2448085306706,-1.74176576849818,0.572093554475903,-3.04454709351482,0.0023303094344279,0.0455204343720417,"Lean"
"632","RHOV",10.9638230170887,-6.9776269702735,2.29359321134221,-3.04222515822245,0.00234836162867797,0.045767647875655,"Lean"
"633","RUFY4",15.1328735748454,-7.55641581739542,2.48405733508974,-3.04196513931206,0.00235039113299445,0.045767647875655,"Lean"
"634","C1QTNF1",33.5608677611769,-6.58181444906326,2.16595184342481,-3.03876305885734,0.00237551608010746,0.0460449785386732,"Lean"
"635","C8orf76",28.3949483552194,-4.46052884237358,1.46789634282408,-3.0387219534807,0.00237584020368296,0.0460449785386732,"Lean"
"636","CSNK1G3",13.7400779988598,-7.03116251737987,2.31334104419722,-3.03939729726268,0.00237052012034405,0.0460449785386732,"Lean"
"637","BIRC3",199.393655370027,2.499029180175,0.823982279495157,3.03286762635979,0.00242241836185749,0.0461465675530642,"Obese"
"638","C1orf172",13.6306344337969,-7.7044577651203,2.54137800807146,-3.03160637286181,0.00243256193102036,0.0461465675530642,"Lean"
"639","C20orf111",164.255917855661,-1.33589123293716,0.44000551046222,-3.03607841532216,0.00239677022621204,0.0461465675530642,"Lean"
"640","C21orf62",16.453949097297,-7.67521218308626,2.53303844324255,-3.0300417285658,0.00244519952548685,0.0461465675530642,"Lean"
"641","C9orf171",35.2039186766507,-9.17660309097924,3.02704327873439,-3.03154010233246,0.00243309598187843,0.0461465675530642,"Lean"
"642","DUOXA1",21.8642949404154,-8.45658001125068,2.79128408843664,-3.02963788110407,0.0024484711325413,0.0461465675530642,"Lean"
"643","ERI2",38.9764311569278,-5.05458342907546,1.66806834900178,-3.03020162938784,0.00244390525950874,0.0461465675530642,"Lean"
"644","FAM213A",47.1900712607472,-5.88504279828882,1.94105844528308,-3.03187305492523,0.00243041391851096,0.0461465675530642,"Lean"
"645","IL19",35.0966613239642,-9.17194060653412,3.02705807047929,-3.02998501944228,0.00244565868997618,0.0461465675530642,"Lean"
"646","KCNF1",56.1799206640893,-5.57462951243566,1.8370146109757,-3.03461359486672,0.00240844038035009,0.0461465675530642,"Lean"
"647","KIAA1875",18.9879823578383,-4.95846664771597,1.63355279550403,-3.0353880580799,0.00240226380476505,0.0461465675530642,"Lean"
"648","LOC100288181",35.182028094601,-9.17564003444626,3.02704633030284,-3.03121889565803,0.0024356859941419,0.0461465675530642,"Lean"
"649","NHLRC2",13.9433447946856,-5.35623175742624,1.76771205408566,-3.03003633710962,0.00244524317583104,0.0461465675530642,"Lean"
"650","NOTCH4",21.8295971181418,-7.78856767296291,2.56503944110043,-3.03643193479376,0.00239396151843357,0.0461465675530642,"Lean"
"651","PRM2",26.8193258832685,-8.76715600521657,2.89245296205435,-3.0310453169789,0.00243708667537488,0.0461465675530642,"Lean"
"652","PTH",26.8497335038751,-8.76894120265917,2.89246605677931,-3.03164878360688,0.00243222021406041,0.0461465675530642,"Lean"
"653","RIMKLA",18.890659614346,-7.89575345092554,2.59945839747793,-3.03746097978957,0.00238580291031663,0.0461465675530642,"Lean"
"654","SLC6A19",24.3228514166119,-8.61896956573474,2.84224006954366,-3.03245656765319,0.00242572002079496,0.0461465675530642,"Lean"
"655","ADCYAP1R1",24.6640341000923,6.98716057265051,2.30814413925931,3.02717687938358,0.00246849467748937,0.0464529242667695,"Obese"
"656","CTSL2",19.3762991547853,-7.60274375783337,2.5136762196059,-3.02455172966761,0.00249001885422301,0.0466243537401806,"Lean"
"657","LRIF1",13.8069347215364,-3.52308610078615,1.16463650272249,-3.02505210213699,0.00248590299268696,0.0466243537401806,"Lean"
"658","MCOLN2",37.4316909829879,-5.92523083934942,1.95917809011036,-3.02434519314967,0.00249171955715171,0.0466243537401806,"Lean"
"659","SNHG7",14.9172771366465,-3.53632648881498,1.16933430592186,-3.02422196193677,0.00249273479756442,0.0466243537401806,"Lean"
"660","TCEAL3",16.910626570393,-6.30095487038221,2.0838384779454,-3.02372517691235,0.00249683140035635,0.0466302179405946,"Lean"
"661","ZBTB24",8.07474418561604,-6.44780355031003,2.13313249381458,-3.02269248113123,0.00250536696168975,0.0467188398937789,"Lean"
"662","EPN3",26.9926289729373,-7.40313386978688,2.45020248604282,-3.02143757993783,0.00251577504530281,0.0468420592271939,"Lean"
"663","AVPR2",33.5592632482629,-5.17587770964873,1.71412959911628,-3.01953697801914,0.00253161386838207,0.0468538626751913,"Lean"
"664","LILRA2",113.53970821361,-2.1264217640774,0.704208752682053,-3.0195900803259,0.00253117010018695,0.0468538626751913,"Lean"
"665","MFN2",541.503249906403,2.64719081731747,0.876633699910004,3.01972285298778,0.00253006084984279,0.0468538626751913,"Obese"
"666","TAS2R5",52.8889573379635,-3.81346883714702,1.26239810371788,-3.02081318556801,0.00252096846126329,0.0468538626751913,"Lean"
"667","MYL7",13.5932621870949,-7.70068086040767,2.55088168524975,-3.01883105944747,0.00253751989115748,0.0468927588881665,"Lean"
"668","LOC283693",21.7811536221607,-8.45096347617493,2.80064168037302,-3.01750971407715,0.00254860872577771,0.0470271723861318,"Lean"
"669","CLDN3",24.1960757417912,-5.49504009062244,1.82162869258496,-3.0165533255983,0.00255666244137198,0.0470935940065991,"Lean"
"670","SRSF3",1057.60631367109,1.42562570202567,0.472660048960901,3.01617558996106,0.00255984974723523,0.0470935940065991,"Obese"
"671","LOC286367",38.7846410857811,-4.77503223555644,1.58343232480402,-3.01562129353867,0.00256453343904706,0.0471094473467869,"Lean"
"672","UGT2B15",24.2766305938627,-8.61665915486927,2.85782250757127,-3.01511347609624,0.00256883127022962,0.0471181759476939,"Lean"
"673","OVOL1",24.289536561391,-7.95728391821016,2.63997146355076,-3.01415527708304,0.00257695877726735,0.0471970191509619,"Lean"
"674","OBFC1",75.7296985462899,-2.68611764930488,0.891434059671157,-3.01325445237729,0.00258462106882708,0.0472671206147812,"Lean"
"675","SCN1B",208.44856834931,2.29278900454404,0.761202952461592,3.01206005196062,0.00259481259760207,0.0473832001156194,"Obese"
"676","SOS2",26.0416682005676,-3.93172863084798,1.30573651320739,-3.0111194648223,0.00260286424570622,0.0474599181842824,"Lean"
"677","GOLGA8CP",23.4278972002071,-4.80468637360762,1.59595437045108,-3.01054119250893,0.00260782572536149,0.047480147549196,"Lean"
"678","MYO1F",3816.68067706562,1.07060504192044,0.355839263260687,3.00867597383741,0.00262388797022902,0.0476376803421519,"Obese"
"679","TSFM",7.53019783420828,-4.71408943866213,1.56685116661978,-3.00863894356475,0.00262420776832072,0.0476376803421519,"Lean"
"680","GPR61",21.7893885266688,-7.78662679320636,2.58958759362262,-3.00689840049532,0.00263927957548176,0.0478408235991003,"Lean"
"681","LINC00263",17.783271079113,-6.25525952502841,2.08073818405544,-3.00626939658341,0.00264474571649997,0.0478695091065765,"Lean"
"682","C21orf56",24.2107346765058,-8.61294525947885,2.87084244261863,-3.00014557804244,0.00269850598536335,0.0479660703774802,"Lean"
"683","EXD1",24.216536961381,-8.61332412057032,2.87084389553074,-3.00027602823662,0.0026973504454161,0.0479660703774802,"Lean"
"684","FAM102A",20.5943680233603,-4.68075563739282,1.55949344384928,-3.00145900314871,0.00268689216710701,0.0479660703774802,"Lean"
"685","HSDL2",142.363473623896,-1.8836274204206,0.627988247303968,-2.99946285381494,0.00270456100213766,0.0479660703774802,"Lean"
"686","JAKMIP1",30.5686656408185,-6.11215747499388,2.03619444521964,-3.00175530354842,0.00268427848569885,0.0479660703774802,"Lean"
"687","ME3",19.4073110799399,-6.07279494913118,2.02285226643066,-3.0020951356209,0.00268128366978543,0.0479660703774802,"Lean"
"688","NTN4",9.99772997779678,5.96299707742407,1.98790259372924,2.99964248561982,0.0027029666622669,0.0479660703774802,"Obese"
"689","PDE7B",14.4727862682641,-7.47815685084084,2.493098215938,-2.99954362127979,0.00270384403621326,0.0479660703774802,"Lean"
"690","RNF148",71.9275272001879,-5.413014856936,1.80307369510792,-3.00210405798861,0.00268120508137159,0.0479660703774802,"Lean"
"691","SLC30A4",17.1333603807473,-6.93370814098815,2.31114785599118,-3.00011447688815,0.0026987815490501,0.0479660703774802,"Lean"
"692","SLIT1",27.3271463653978,-7.14212508986338,2.3809417514444,-2.99970592960983,0.00270240376410822,0.0479660703774802,"Lean"
"693","SNORA64",2915.28831941551,-1.81273741368011,0.603469844513504,-3.00385749206984,0.00266580158712081,0.0479660703774802,"Lean"
"694","SV2C",24.2107346765058,-8.61294525947885,2.87084244261863,-3.00014557804244,0.00269850598536335,0.0479660703774802,"Lean"
"695","ZPLD1",13.5671682101499,-7.69894497293994,2.56478670566377,-3.0017876168566,0.00268399358886156,0.0479660703774802,"Lean"
"696","BTBD6",46.644675308836,-4.00967892312423,1.33754564949258,-2.99778846773968,0.00271946356957017,0.0480919769849668,"Lean"
"697","EVI5L",25.5264327806918,-4.86606479103216,1.62319668367525,-2.99782819911534,0.00271910908042722,0.0480919769849668,"Lean"
"698","SMYD5",16.2068842908775,6.93407564830505,2.31348723477768,2.9972396406896,0.00272436460678722,0.0481096248470764,"Obese"
"699","CNNM2",33.0746542212356,-6.59660781197668,2.20199538481741,-2.99574097995836,0.0027377888121333,0.0482775177372748,"Lean"
"700","C14orf79",10.9503255342555,-6.98750080299868,2.33318252676287,-2.99483676173992,0.0027459175196375,0.0483516847815026,"Lean"
"701","IARS2",30.7454308463593,-3.41333704478411,1.13995006536812,-2.99428645910193,0.00275087539604985,0.0483698860652074,"Lean"
"702","OR13G1",11.4151996548903,-6.71445397831478,2.24294372092521,-2.99359003780313,0.00275716143089772,0.0484113558365318,"Lean"
"703","ITGB1BP2",16.3961667190952,-7.67136235955505,2.56460024767762,-2.99125072864743,0.00277837267701603,0.0486452011603688,"Lean"
"704","SPTBN4",14.2878408218281,-7.49039640445013,2.50395252029326,-2.99142908810941,0.00277675020260611,0.0486452011603688,"Lean"
"705","KRT16P2",14.1630773306166,-7.4412426764259,2.48865740960773,-2.99006309494355,0.00278919826786722,0.0486963992205826,"Lean"
"706","PRMT6",31.6873077241925,-6.0216154281554,2.0138518074777,-2.99009857914884,0.00278887426255977,0.0486963992205826,"Lean"
"707","CCKBR",32.303314122367,-9.04897300407577,3.02746506426507,-2.98896033876198,0.00279928465636571,0.0487000267874653,"Lean"
"708","KCNQ4",30.051880737338,-6.75747645691394,2.26113307245552,-2.9885354998481,0.00280317933712905,0.0487000267874653,"Lean"
"709","MTPN",298.591269410733,-2.05420063092326,0.68733679774668,-2.98863764846814,0.00280224244524891,0.0487000267874653,"Lean"
"710","TMEM59L",32.2624044382341,-9.04703679106681,3.02747173986971,-2.98831420023632,0.00280521004535943,0.0487000267874653,"Lean"
"711","TPI1P3",117.085370612553,-4.98125129841235,1.66730328690254,-2.98760959541221,0.00281168465146358,0.0487437763909143,"Lean"
"712","KLHL38",32.1538251355588,-9.04187391241589,3.02748958185011,-2.9865912558782,0.00282106627830477,0.0488377288572817,"Lean"
"713","ULBP1",32.1164528888568,-9.04008149001153,3.02749579031418,-2.98599308343659,0.00282659036196564,0.0488647304370105,"Lean"
"714","RGS3",13.7597333790424,-7.03501341910925,2.35694831901568,-2.98479748679735,0.00283766123085277,0.0489874122289793,"Lean"
"715","RNASE10",18.2159492647962,-5.05719630226414,1.69604058044622,-2.98176609720836,0.00286590867414345,0.0492680478626112,"Lean"
"716","S100A1",96.7317992064865,-4.56662702321322,1.53143815457331,-2.98192062772889,0.00286446252341467,0.0492680478626112,"Lean"
"717","TOM1L1",12.9217651872294,-7.79031442676453,2.61237401414181,-2.9820823452509,0.00286294982763267,0.0492680478626112,"Lean"
"718","LDHD",14.4475444161883,-7.47386553865038,2.50726710763886,-2.98088126146586,0.00287420211952954,0.0492731784774981,"Lean"
"719","ZNF551",13.8204915537855,-6.09119828183034,2.04320115666106,-2.98120342286042,0.00287118001152113,0.0492731784774981,"Lean"
"720","AWAT1",19.244536481264,-7.06655292795655,2.37824628287877,-2.97132932734063,0.00296513631286874,0.049590597276011,"Lean"
"721","C8orf86",21.6203863655955,-8.44095740953626,2.8360846283157,-2.97627134439539,0.0029177657382188,0.049590597276011,"Lean"
"722","CCDC163P",24.1762635722413,-8.61180916517508,2.89568155863963,-2.97401803022182,0.00293927803533833,0.049590597276011,"Lean"
"723","CCRL1",10.2268095448434,-4.93213195151142,1.65898300753087,-2.9729852139065,0.00294918658200389,0.049590597276011,"Lean"
"724","CELF5",16.2930965173365,-7.66440867669118,2.57499906791972,-2.976470466408,0.00291587165573737,0.049590597276011,"Lean"
"725","FAHD2CP",24.1733624298037,-8.61161703297398,2.89568125606059,-2.97395198969158,0.00293991069913633,0.049590597276011,"Lean"
"726","FLJ41941",24.1866297432744,-8.61249726104527,2.89568262486971,-2.97425456335456,0.00293701308325381,0.049590597276011,"Lean"
"727","GPC3",21.6838525892425,-8.44594318717639,2.84059804821389,-2.97329753939915,0.00294618700960113,0.049590597276011,"Lean"
"728","GPR37L1",24.1866297432744,-8.61249726104527,2.89568262486971,-2.97425456335456,0.00293701308325381,0.049590597276011,"Lean"
"729","IRS4",32.2054567357829,-8.71850982078043,2.93420029604019,-2.97134106098564,0.00296502301641535,0.049590597276011,"Lean"
"730","MCHR1",21.6203863655955,-8.44095740953626,2.8360846283157,-2.97627134439539,0.0029177657382188,0.049590597276011,"Lean"
"731","NCF1C",173.744658758513,-2.1086767021776,0.709622052220405,-2.97154900355698,0.0029630158423126,0.049590597276011,"Lean"
"732","NEK8",13.9447463280477,-6.37007332653312,2.14138494366048,-2.97474461347623,0.00293232561555603,0.049590597276011,"Lean"
"733","NPY1R",36.2669327755862,-5.2424966538145,1.76035510927948,-2.97809040129424,0.00290050421013386,0.049590597276011,"Lean"
"734","RILPL1",35.9221686387389,-3.29852978142692,1.10976562887066,-2.97227603343928,0.00295600789811234,0.049590597276011,"Lean"
"735","SBK2",14.4141502569134,-7.4699582089401,2.50855331742182,-2.97779527230356,0.00290329842014655,0.049590597276011,"Lean"
"736","SCNN1D",21.6016868181141,-7.78026328011945,2.61755033589817,-2.97234523952326,0.00295534159982731,0.049590597276011,"Lean"
"737","SPEM1",24.1733624298037,-8.61161703297398,2.89568125606059,-2.97395198969158,0.00293991069913633,0.049590597276011,"Lean"
"738","ARID4B",50.6010037855907,-2.11358195038254,0.711900359027918,-2.96892946264078,0.00298839186378288,0.0498442734952474,"Lean"
"739","CENPH",9.89683910231899,-7.21835404274665,2.43097773912398,-2.96932132556172,0.00298458323973522,0.0498442734952474,"Lean"
"740","RGL4",13.4861210293706,-7.69165260955536,2.59123262586924,-2.96833735912658,0.00299415509372879,0.0498729130882447,"Lean"
"741","CACNB3",8.75596455172233,-7.07954807500992,2.38551766583818,-2.96771982718579,0.00300017663167628,0.0499057721485044,"Lean"
